ISO-10303-21;
HEADER;
FILE_DESCRIPTION(('FreeCAD Model'),'2;1');
FILE_NAME('Open CASCADE Shape Model','2026-09-03T17:13:20',(''),(''),
  'Open CASCADE STEP processor 7.8','FreeCAD','Unknown');
FILE_SCHEMA(('AUTOMOTIVE_DESIGN { 1 0 10303 214 1 1 1 1 }'));
ENDSEC;
DATA;
#1 = APPLICATION_PROTOCOL_DEFINITION('international standard',
  'automotive_design',2000,#2);
#2 = APPLICATION_CONTEXT(
  'core data for automotive mechanical design processes');
#3 = SHAPE_DEFINITION_REPRESENTATION(#4,#10);
#4 = PRODUCT_DEFINITION_SHAPE('','',#5);
#5 = PRODUCT_DEFINITION('design','',#6,#9);
#6 = PRODUCT_DEFINITION_FORMATION('','',#7);
#7 = PRODUCT('Body','Body','',(#8));
#8 = PRODUCT_CONTEXT('',#2,'mechanical');
#9 = PRODUCT_DEFINITION_CONTEXT('part definition',#2,'design');
#10 = ADVANCED_BREP_SHAPE_REPRESENTATION('',(#11,#15),#1597);
#11 = AXIS2_PLACEMENT_3D('',#12,#13,#14);
#12 = CARTESIAN_POINT('',(0.,0.,0.));
#13 = DIRECTION('',(0.,0.,1.));
#14 = DIRECTION('',(1.,0.,-0.));
#15 = MANIFOLD_SOLID_BREP('',#16);
#16 = CLOSED_SHELL('',(#17,#57,#104,#136,#168,#225,#287,#349,#380,#490,
    #551,#661,#722,#753,#776,#798,#845,#894,#906,#931,#984,#1009,#1082,
    #1105,#1117,#1142,#1195,#1220,#1293,#1316,#1422,#1517,#1534,#1551,
    #1568,#1585));
#17 = ADVANCED_FACE('',(#18),#52,.T.);
#18 = FACE_BOUND('',#19,.T.);
#19 = EDGE_LOOP('',(#20,#30,#38,#46));
#20 = ORIENTED_EDGE('',*,*,#21,.T.);
#21 = EDGE_CURVE('',#22,#24,#26,.T.);
#22 = VERTEX_POINT('',#23);
#23 = CARTESIAN_POINT('',(26.652872911617,14.,13.));
#24 = VERTEX_POINT('',#25);
#25 = CARTESIAN_POINT('',(3.347127088383,14.,13.));
#26 = LINE('',#27,#28);
#27 = CARTESIAN_POINT('',(27.5,14.,13.));
#28 = VECTOR('',#29,1.);
#29 = DIRECTION('',(-1.,0.,0.));
#30 = ORIENTED_EDGE('',*,*,#31,.T.);
#31 = EDGE_CURVE('',#24,#32,#34,.T.);
#32 = VERTEX_POINT('',#33);
#33 = CARTESIAN_POINT('',(1.51379375505,3.,13.));
#34 = LINE('',#35,#36);
#35 = CARTESIAN_POINT('',(3.319727257165,13.835601012695,13.));
#36 = VECTOR('',#37,1.);
#37 = DIRECTION('',(-0.164398987305,-0.986393923832,0.));
#38 = ORIENTED_EDGE('',*,*,#39,.T.);
#39 = EDGE_CURVE('',#32,#40,#42,.T.);
#40 = VERTEX_POINT('',#41);
#41 = CARTESIAN_POINT('',(28.48620624495,3.,13.));
#42 = LINE('',#43,#44);
#43 = CARTESIAN_POINT('',(0.,3.,13.));
#44 = VECTOR('',#45,1.);
#45 = DIRECTION('',(1.,0.,0.));
#46 = ORIENTED_EDGE('',*,*,#47,.F.);
#47 = EDGE_CURVE('',#22,#40,#48,.T.);
#48 = LINE('',#49,#50);
#49 = CARTESIAN_POINT('',(26.680272742835,13.835601012695,13.));
#50 = VECTOR('',#51,1.);
#51 = DIRECTION('',(0.164398987305,-0.986393923832,0.));
#52 = PLANE('',#53);
#53 = AXIS2_PLACEMENT_3D('',#54,#55,#56);
#54 = CARTESIAN_POINT('',(15.,7.060960940205,13.));
#55 = DIRECTION('',(0.,0.,1.));
#56 = DIRECTION('',(1.,0.,0.));
#57 = ADVANCED_FACE('',(#58),#99,.F.);
#58 = FACE_BOUND('',#59,.T.);
#59 = EDGE_LOOP('',(#60,#61,#77,#85));
#60 = ORIENTED_EDGE('',*,*,#21,.F.);
#61 = ORIENTED_EDGE('',*,*,#62,.F.);
#62 = EDGE_CURVE('',#63,#22,#65,.T.);
#63 = VERTEX_POINT('',#64);
#64 = CARTESIAN_POINT('',(26.319539578284,15.,14.));
#65 = ( BOUNDED_CURVE() B_SPLINE_CURVE(10,(#66,#67,#68,#69,#70,#71,#72,
#73,#74,#75,#76),.UNSPECIFIED.,.F.,.F.) B_SPLINE_CURVE_WITH_KNOTS((11,11
),(53.478404419769,54.89264664997),.PIECEWISE_BEZIER_KNOTS.) CURVE() 
GEOMETRIC_REPRESENTATION_ITEM() RATIONAL_B_SPLINE_CURVE((1.,1.,1.,1.,1.,
1.,1.,1.,1.,1.,1.)) REPRESENTATION_ITEM('') );
#66 = CARTESIAN_POINT('',(26.319539578284,15.,14.));
#67 = CARTESIAN_POINT('',(26.319539578284,15.,13.831780441572));
#68 = CARTESIAN_POINT('',(26.329895473464,14.968548659226,
    13.660010026707));
#69 = CARTESIAN_POINT('',(26.350943060135,14.903486746724,
    13.492900192999));
#70 = CARTESIAN_POINT('',(26.382831012347,14.805325839651,
    13.341619542329));
#71 = CARTESIAN_POINT('',(26.422314603034,14.681858535628,
    13.214203188267));
#72 = CARTESIAN_POINT('',(26.470664856514,14.539714958427,
    13.120508713084));
#73 = CARTESIAN_POINT('',(26.518985959208,14.400298777192,
    13.059189742683));
#74 = CARTESIAN_POINT('',(26.563952395406,14.266686230214,
    13.020230954172));
#75 = CARTESIAN_POINT('',(26.607871442614,14.135004156711,13.));
#76 = CARTESIAN_POINT('',(26.652872911617,14.,13.));
#77 = ORIENTED_EDGE('',*,*,#78,.T.);
#78 = EDGE_CURVE('',#63,#79,#81,.T.);
#79 = VERTEX_POINT('',#80);
#80 = CARTESIAN_POINT('',(3.680460421716,15.,14.));
#81 = LINE('',#82,#83);
#82 = CARTESIAN_POINT('',(27.5,15.,14.));
#83 = VECTOR('',#84,1.);
#84 = DIRECTION('',(-1.,0.,0.));
#85 = ORIENTED_EDGE('',*,*,#86,.T.);
#86 = EDGE_CURVE('',#79,#24,#87,.T.);
#87 = ( BOUNDED_CURVE() B_SPLINE_CURVE(10,(#88,#89,#90,#91,#92,#93,#94,
#95,#96,#97,#98),.UNSPECIFIED.,.F.,.F.) B_SPLINE_CURVE_WITH_KNOTS((11,11
),(53.478404419769,54.89264664997),.PIECEWISE_BEZIER_KNOTS.) CURVE() 
GEOMETRIC_REPRESENTATION_ITEM() RATIONAL_B_SPLINE_CURVE((1.,1.,1.,1.,
    0.999999999999,1.000000000001,0.999999999999,1.,1.,1.,1.)) 
REPRESENTATION_ITEM('') );
#88 = CARTESIAN_POINT('',(3.680460421716,15.,14.));
#89 = CARTESIAN_POINT('',(3.680460421716,15.,13.831780441572));
#90 = CARTESIAN_POINT('',(3.670104526536,14.968548659226,13.660010026707
    ));
#91 = CARTESIAN_POINT('',(3.649056939865,14.903486746724,13.492900192999
    ));
#92 = CARTESIAN_POINT('',(3.617168987653,14.805325839651,13.341619542329
    ));
#93 = CARTESIAN_POINT('',(3.577685396966,14.681858535628,13.214203188267
    ));
#94 = CARTESIAN_POINT('',(3.529335143486,14.539714958427,13.120508713084
    ));
#95 = CARTESIAN_POINT('',(3.481014040792,14.400298777192,13.059189742683
    ));
#96 = CARTESIAN_POINT('',(3.436047604594,14.266686230214,13.020230954172
    ));
#97 = CARTESIAN_POINT('',(3.392128557386,14.135004156711,13.));
#98 = CARTESIAN_POINT('',(3.347127088383,14.,13.));
#99 = CYLINDRICAL_SURFACE('',#100,1.);
#100 = AXIS2_PLACEMENT_3D('',#101,#102,#103);
#101 = CARTESIAN_POINT('',(27.5,14.,14.));
#102 = DIRECTION('',(-1.,0.,0.));
#103 = DIRECTION('',(0.,0.,-1.));
#104 = ADVANCED_FACE('',(#105),#131,.T.);
#105 = FACE_BOUND('',#106,.T.);
#106 = EDGE_LOOP('',(#107,#115,#116,#125));
#107 = ORIENTED_EDGE('',*,*,#108,.T.);
#108 = EDGE_CURVE('',#109,#22,#111,.T.);
#109 = VERTEX_POINT('',#110);
#110 = CARTESIAN_POINT('',(27.638819140209,14.167085158747,
    12.000003707981));
#111 = ( BOUNDED_CURVE() B_SPLINE_CURVE(2,(#112,#113,#114),
.UNSPECIFIED.,.F.,.F.) B_SPLINE_CURVE_WITH_KNOTS((3,3),(0.,
1.414242230201),.PIECEWISE_BEZIER_KNOTS.) CURVE() 
GEOMETRIC_REPRESENTATION_ITEM() RATIONAL_B_SPLINE_CURVE((1.,
0.707106781187,1.)) REPRESENTATION_ITEM('') );
#112 = CARTESIAN_POINT('',(27.638819140209,14.167085158747,
    12.000003707981));
#113 = CARTESIAN_POINT('',(27.639266835449,14.164398987305,13.));
#114 = CARTESIAN_POINT('',(26.652872911617,14.,13.));
#115 = ORIENTED_EDGE('',*,*,#47,.T.);
#116 = ORIENTED_EDGE('',*,*,#117,.F.);
#117 = EDGE_CURVE('',#118,#40,#120,.T.);
#118 = VERTEX_POINT('',#119);
#119 = CARTESIAN_POINT('',(29.472600168782,3.164398987305,12.));
#120 = CIRCLE('',#121,1.);
#121 = AXIS2_PLACEMENT_3D('',#122,#123,#124);
#122 = CARTESIAN_POINT('',(28.48620624495,3.,12.));
#123 = DIRECTION('',(0.164398987305,-0.986393923832,0.));
#124 = DIRECTION('',(0.986393923832,0.164398987305,0.));
#125 = ORIENTED_EDGE('',*,*,#126,.F.);
#126 = EDGE_CURVE('',#109,#118,#127,.T.);
#127 = LINE('',#128,#129);
#128 = CARTESIAN_POINT('',(27.666666666667,14.,12.));
#129 = VECTOR('',#130,1.);
#130 = DIRECTION('',(0.164398987305,-0.986393923832,0.));
#131 = CYLINDRICAL_SURFACE('',#132,1.);
#132 = AXIS2_PLACEMENT_3D('',#133,#134,#135);
#133 = CARTESIAN_POINT('',(26.680272742835,13.835601012695,12.));
#134 = DIRECTION('',(0.164398987305,-0.986393923832,0.));
#135 = DIRECTION('',(0.986393923832,0.164398987305,0.));
#136 = ADVANCED_FACE('',(#137),#163,.T.);
#137 = FACE_BOUND('',#138,.T.);
#138 = EDGE_LOOP('',(#139,#147,#155,#162));
#139 = ORIENTED_EDGE('',*,*,#140,.T.);
#140 = EDGE_CURVE('',#24,#141,#143,.T.);
#141 = VERTEX_POINT('',#142);
#142 = CARTESIAN_POINT('',(2.361180859791,14.167085158747,
    12.000003707981));
#143 = ( BOUNDED_CURVE() B_SPLINE_CURVE(2,(#144,#145,#146),
.UNSPECIFIED.,.F.,.F.) B_SPLINE_CURVE_WITH_KNOTS((3,3),(0.,
1.414242230201),.PIECEWISE_BEZIER_KNOTS.) CURVE() 
GEOMETRIC_REPRESENTATION_ITEM() RATIONAL_B_SPLINE_CURVE((1.,
0.707106781187,1.)) REPRESENTATION_ITEM('') );
#144 = CARTESIAN_POINT('',(3.347127088383,14.,13.));
#145 = CARTESIAN_POINT('',(2.360733164551,14.164398987305,13.));
#146 = CARTESIAN_POINT('',(2.361180859791,14.167085158747,
    12.000003707981));
#147 = ORIENTED_EDGE('',*,*,#148,.T.);
#148 = EDGE_CURVE('',#141,#149,#151,.T.);
#149 = VERTEX_POINT('',#150);
#150 = CARTESIAN_POINT('',(0.527399831218,3.164398987305,12.));
#151 = LINE('',#152,#153);
#152 = CARTESIAN_POINT('',(2.333333333333,14.,12.));
#153 = VECTOR('',#154,1.);
#154 = DIRECTION('',(-0.164398987305,-0.986393923832,0.));
#155 = ORIENTED_EDGE('',*,*,#156,.F.);
#156 = EDGE_CURVE('',#32,#149,#157,.T.);
#157 = CIRCLE('',#158,1.);
#158 = AXIS2_PLACEMENT_3D('',#159,#160,#161);
#159 = CARTESIAN_POINT('',(1.51379375505,3.,12.));
#160 = DIRECTION('',(-0.164398987305,-0.986393923832,0.));
#161 = DIRECTION('',(0.,0.,1.));
#162 = ORIENTED_EDGE('',*,*,#31,.F.);
#163 = CYLINDRICAL_SURFACE('',#164,1.);
#164 = AXIS2_PLACEMENT_3D('',#165,#166,#167);
#165 = CARTESIAN_POINT('',(3.319727257165,13.835601012695,12.));
#166 = DIRECTION('',(-0.164398987305,-0.986393923832,0.));
#167 = DIRECTION('',(0.,0.,1.));
#168 = ADVANCED_FACE('',(#169),#220,.T.);
#169 = FACE_BOUND('',#170,.T.);
#170 = EDGE_LOOP('',(#171,#172,#193,#201));
#171 = ORIENTED_EDGE('',*,*,#39,.F.);
#172 = ORIENTED_EDGE('',*,*,#173,.T.);
#173 = EDGE_CURVE('',#32,#174,#176,.T.);
#174 = VERTEX_POINT('',#175);
#175 = CARTESIAN_POINT('',(1.180460421716,-4.440892098501E-16,10.));
#176 = ( BOUNDED_CURVE() B_SPLINE_CURVE(8,(#177,#178,#179,#180,#181,#182
    ,#183,#184,#185,#186,#187,#188,#189,#190,#191,#192),.UNSPECIFIED.,
.F.,.F.) B_SPLINE_CURVE_WITH_KNOTS((9,7,9),(66.045117526918,
66.210691184786,70.956729598394),.UNSPECIFIED.) CURVE() 
GEOMETRIC_REPRESENTATION_ITEM() RATIONAL_B_SPLINE_CURVE((1.,1.,1.,1.,1.,
1.,1.,1.,1.,1.,1.,1.,1.,1.,1.,1.)) REPRESENTATION_ITEM('') );
#177 = CARTESIAN_POINT('',(1.51379375505,3.,13.));
#178 = CARTESIAN_POINT('',(1.511489678334,2.979263309556,13.));
#179 = CARTESIAN_POINT('',(1.509185561231,2.958525527245,12.999836083636
    ));
#180 = CARTESIAN_POINT('',(1.506881865581,2.937793061156,12.999508845611
    ));
#181 = CARTESIAN_POINT('',(1.504578345035,2.9170498112,12.999016807821)
  );
#182 = CARTESIAN_POINT('',(1.502275693372,2.896315284312,12.998361463697
    ));
#183 = CARTESIAN_POINT('',(1.499974291143,2.875587041819,12.997542702549
    ));
#184 = CARTESIAN_POINT('',(1.497673470622,2.85482303724,12.996556958327)
  );
#185 = CARTESIAN_POINT('',(1.429482816714,2.240666037457,12.962546016458
    ));
#186 = CARTESIAN_POINT('',(1.365088641272,1.66043812428,12.795523951678)
  );
#187 = CARTESIAN_POINT('',(1.306646018877,1.134314137936,12.502068412085
    ));
#188 = CARTESIAN_POINT('',(1.25701836642,0.687557966126,12.103048142793)
  );
#189 = CARTESIAN_POINT('',(1.219055373433,0.346503263816,11.62623891753)
  );
#190 = CARTESIAN_POINT('',(1.193309748714,0.115360851763,11.100896093358
    ));
#191 = CARTESIAN_POINT('',(1.180460421716,3.10862446895E-15,
    10.550415625842));
#192 = CARTESIAN_POINT('',(1.180460421716,-4.440892098501E-16,10.));
#193 = ORIENTED_EDGE('',*,*,#194,.T.);
#194 = EDGE_CURVE('',#174,#195,#197,.T.);
#195 = VERTEX_POINT('',#196);
#196 = CARTESIAN_POINT('',(28.819539578284,-4.440892098501E-16,10.));
#197 = LINE('',#198,#199);
#198 = CARTESIAN_POINT('',(0.,-4.440892098501E-16,10.));
#199 = VECTOR('',#200,1.);
#200 = DIRECTION('',(1.,0.,0.));
#201 = ORIENTED_EDGE('',*,*,#202,.F.);
#202 = EDGE_CURVE('',#40,#195,#203,.T.);
#203 = ( BOUNDED_CURVE() B_SPLINE_CURVE(8,(#204,#205,#206,#207,#208,#209
    ,#210,#211,#212,#213,#214,#215,#216,#217,#218,#219),.UNSPECIFIED.,
.F.,.F.) B_SPLINE_CURVE_WITH_KNOTS((9,7,9),(66.045117526918,
66.210691184786,70.956729598395),.UNSPECIFIED.) CURVE() 
GEOMETRIC_REPRESENTATION_ITEM() RATIONAL_B_SPLINE_CURVE((1.,1.,1.,1.,1.,
1.,1.,1.,1.,1.,1.,1.,1.,1.,1.,1.)) REPRESENTATION_ITEM('') );
#204 = CARTESIAN_POINT('',(28.48620624495,3.,13.));
#205 = CARTESIAN_POINT('',(28.488510321666,2.979263309557,13.));
#206 = CARTESIAN_POINT('',(28.490814438769,2.958525527245,
    12.999836083636));
#207 = CARTESIAN_POINT('',(28.493118134419,2.937793061157,
    12.999508845611));
#208 = CARTESIAN_POINT('',(28.495421654965,2.9170498112,12.999016807821)
  );
#209 = CARTESIAN_POINT('',(28.497724306628,2.896315284311,
    12.998361463697));
#210 = CARTESIAN_POINT('',(28.500025708857,2.875587041819,
    12.997542702549));
#211 = CARTESIAN_POINT('',(28.502326529378,2.85482303724,12.996556958327
    ));
#212 = CARTESIAN_POINT('',(28.570517183286,2.240666037453,
    12.962546016458));
#213 = CARTESIAN_POINT('',(28.634911358727,1.660438124288,
    12.795523951679));
#214 = CARTESIAN_POINT('',(28.693353981124,1.134314137924,
    12.502068412079));
#215 = CARTESIAN_POINT('',(28.74298163358,0.687557966134,12.103048142803
    ));
#216 = CARTESIAN_POINT('',(28.780944626567,0.346503263812,
    11.626238917517));
#217 = CARTESIAN_POINT('',(28.806690251286,0.115360851763,
    11.100896093367));
#218 = CARTESIAN_POINT('',(28.819539578284,-8.881784197001E-16,
    10.550415625836));
#219 = CARTESIAN_POINT('',(28.819539578284,-4.440892098501E-16,10.));
#220 = CYLINDRICAL_SURFACE('',#221,3.);
#221 = AXIS2_PLACEMENT_3D('',#222,#223,#224);
#222 = CARTESIAN_POINT('',(0.,3.,10.));
#223 = DIRECTION('',(1.,0.,0.));
#224 = DIRECTION('',(0.,0.,1.));
#225 = ADVANCED_FACE('',(#226),#253,.T.);
#226 = FACE_BOUND('',#227,.T.);
#227 = EDGE_LOOP('',(#228,#237,#238,#239));
#228 = ORIENTED_EDGE('',*,*,#229,.T.);
#229 = EDGE_CURVE('',#230,#63,#232,.T.);
#230 = VERTEX_POINT('',#231);
#231 = CARTESIAN_POINT('',(27.305933502116,16.164398987305,14.));
#232 = CIRCLE('',#233,1.);
#233 = AXIS2_PLACEMENT_3D('',#234,#235,#236);
#234 = CARTESIAN_POINT('',(26.319539578284,16.,14.));
#235 = DIRECTION('',(0.,0.,-1.));
#236 = DIRECTION('',(0.986393923832,0.164398987305,0.));
#237 = ORIENTED_EDGE('',*,*,#62,.T.);
#238 = ORIENTED_EDGE('',*,*,#108,.F.);
#239 = ORIENTED_EDGE('',*,*,#240,.F.);
#240 = EDGE_CURVE('',#230,#109,#241,.T.);
#241 = ( BOUNDED_CURVE() B_SPLINE_CURVE(10,(#242,#243,#244,#245,#246,
    #247,#248,#249,#250,#251,#252),.UNSPECIFIED.,.F.,.F.) 
B_SPLINE_CURVE_WITH_KNOTS((11,11),(53.478404419769,54.89264664997),
.PIECEWISE_BEZIER_KNOTS.) CURVE() GEOMETRIC_REPRESENTATION_ITEM() 
RATIONAL_B_SPLINE_CURVE((1.,1.,1.,1.,1.,1.,1.,1.,1.,1.,1.)) 
REPRESENTATION_ITEM('') );
#242 = CARTESIAN_POINT('',(27.305933502116,16.164398987305,14.));
#243 = CARTESIAN_POINT('',(27.305933502116,16.164398987305,
    13.691216008195));
#244 = CARTESIAN_POINT('',(27.314831608609,16.111010348347,
    13.390719096574));
#245 = CARTESIAN_POINT('',(27.331973452082,16.008159287511,
    13.102487950413));
#246 = CARTESIAN_POINT('',(27.357168506551,15.856988960693,
    12.835179821748));
#247 = CARTESIAN_POINT('',(27.38975503217,15.661469806981,
    12.587989718681));
#248 = CARTESIAN_POINT('',(27.42956837127,15.42258977238,12.383129427917
    ));
#249 = CARTESIAN_POINT('',(27.473722564709,15.157664611744,
    12.20328557511));
#250 = CARTESIAN_POINT('',(27.525640088835,14.846159466992,12.0693335103
    ));
#251 = CARTESIAN_POINT('',(27.581718579401,14.509688523596,
    12.000566773839));
#252 = CARTESIAN_POINT('',(27.638819140209,14.167085158747,
    12.000003707981));
#253 = ( BOUNDED_SURFACE() B_SPLINE_SURFACE(2,10,(
    (#254,#255,#256,#257,#258,#259,#260,#261,#262,#263,#264)
    ,(#265,#266,#267,#268,#269,#270,#271,#272,#273,#274,#275)
    ,(#276,#277,#278,#279,#280,#281,#282,#283,#284,#285,#286
)),.UNSPECIFIED.,.F.,.F.,.F.) B_SPLINE_SURFACE_WITH_KNOTS((3,3),(11,11),
  (0.,1.414242230201),(53.478404419769,54.89264664997),
.PIECEWISE_BEZIER_KNOTS.) GEOMETRIC_REPRESENTATION_ITEM() 
RATIONAL_B_SPLINE_SURFACE((
    (1.,1.,1.,1.,1.,1.,1.,1.,1.,1.,1.)
    ,(0.64637489613,0.64637489613,0.648325243286,0.652222501712
      ,0.65810572704,0.665222302065,0.674354400415,0.683390193589
      ,0.691501216732,0.699259794871,0.707106781187)
,(1.,1.,1.,1.,1.,1.,1.,1.,1.,1.,1.
  ))) REPRESENTATION_ITEM('') SURFACE() );
#254 = CARTESIAN_POINT('',(27.305933502116,16.164398987305,14.));
#255 = CARTESIAN_POINT('',(27.305933502116,16.164398987305,
    13.691216008195));
#256 = CARTESIAN_POINT('',(27.314831608609,16.111010348347,
    13.390719096574));
#257 = CARTESIAN_POINT('',(27.331973452082,16.008159287511,
    13.102487950413));
#258 = CARTESIAN_POINT('',(27.357168506551,15.856988960693,
    12.835179821748));
#259 = CARTESIAN_POINT('',(27.38975503217,15.661469806981,
    12.587989718681));
#260 = CARTESIAN_POINT('',(27.42956837127,15.42258977238,12.383129427917
    ));
#261 = CARTESIAN_POINT('',(27.473722564709,15.157664611744,
    12.20328557511));
#262 = CARTESIAN_POINT('',(27.525640088835,14.846159466992,12.0693335103
    ));
#263 = CARTESIAN_POINT('',(27.581718579401,14.509688523596,
    12.000566773839));
#264 = CARTESIAN_POINT('',(27.638819140209,14.167085158747,
    12.000003707981));
#265 = CARTESIAN_POINT('',(27.5,15.,14.));
#266 = CARTESIAN_POINT('',(27.5,15.,13.859435566623));
#267 = CARTESIAN_POINT('',(27.503508415974,14.978949504156,
    13.713834341213));
#268 = CARTESIAN_POINT('',(27.511000299151,14.933998205095,
    13.568349088489));
#269 = CARTESIAN_POINT('',(27.522714982019,14.863710107887,
    13.430209146641));
#270 = CARTESIAN_POINT('',(27.538003139039,14.771981165768,
    13.308052017464));
#271 = CARTESIAN_POINT('',(27.555988576401,14.664068541595,
    13.205555241011));
#272 = CARTESIAN_POINT('',(27.575311299862,14.548132200827,
    13.126301314237));
#273 = CARTESIAN_POINT('',(27.594901471741,14.430591169553,
    13.066091458804));
#274 = CARTESIAN_POINT('',(27.615908737852,14.304547572887,
    13.022443610448));
#275 = CARTESIAN_POINT('',(27.639266835449,14.164398987305,13.));
#276 = CARTESIAN_POINT('',(26.319539578284,15.,14.));
#277 = CARTESIAN_POINT('',(26.319539578284,15.,13.831780441572));
#278 = CARTESIAN_POINT('',(26.329895473464,14.968548659226,
    13.660010026707));
#279 = CARTESIAN_POINT('',(26.350943060135,14.903486746724,
    13.492900192999));
#280 = CARTESIAN_POINT('',(26.382831012347,14.805325839651,
    13.341619542329));
#281 = CARTESIAN_POINT('',(26.422314603034,14.681858535628,
    13.214203188267));
#282 = CARTESIAN_POINT('',(26.470664856514,14.539714958427,
    13.120508713084));
#283 = CARTESIAN_POINT('',(26.518985959208,14.400298777192,
    13.059189742683));
#284 = CARTESIAN_POINT('',(26.563952395406,14.266686230214,
    13.020230954172));
#285 = CARTESIAN_POINT('',(26.607871442614,14.135004156711,13.));
#286 = CARTESIAN_POINT('',(26.652872911617,14.,13.));
#287 = ADVANCED_FACE('',(#288),#315,.T.);
#288 = FACE_BOUND('',#289,.T.);
#289 = EDGE_LOOP('',(#290,#299,#313,#314));
#290 = ORIENTED_EDGE('',*,*,#291,.T.);
#291 = EDGE_CURVE('',#79,#292,#294,.T.);
#292 = VERTEX_POINT('',#293);
#293 = CARTESIAN_POINT('',(2.694066497884,16.164398987305,14.));
#294 = CIRCLE('',#295,1.);
#295 = AXIS2_PLACEMENT_3D('',#296,#297,#298);
#296 = CARTESIAN_POINT('',(3.680460421716,16.,14.));
#297 = DIRECTION('',(-0.,-0.,-1.));
#298 = DIRECTION('',(0.,-1.,0.));
#299 = ORIENTED_EDGE('',*,*,#300,.T.);
#300 = EDGE_CURVE('',#292,#141,#301,.T.);
#301 = ( BOUNDED_CURVE() B_SPLINE_CURVE(10,(#302,#303,#304,#305,#306,
    #307,#308,#309,#310,#311,#312),.UNSPECIFIED.,.F.,.F.) 
B_SPLINE_CURVE_WITH_KNOTS((11,11),(53.478404419769,54.89264664997),
.PIECEWISE_BEZIER_KNOTS.) CURVE() GEOMETRIC_REPRESENTATION_ITEM() 
RATIONAL_B_SPLINE_CURVE((1.,1.,1.,1.,0.999999999999,1.000000000001,
0.999999999999,1.,1.,1.,1.)) REPRESENTATION_ITEM('') );
#302 = CARTESIAN_POINT('',(2.694066497884,16.164398987305,14.));
#303 = CARTESIAN_POINT('',(2.694066497884,16.164398987305,
    13.691216008195));
#304 = CARTESIAN_POINT('',(2.685168391391,16.111010348347,
    13.390719096574));
#305 = CARTESIAN_POINT('',(2.668026547918,16.008159287511,
    13.102487950412));
#306 = CARTESIAN_POINT('',(2.642831493449,15.856988960693,
    12.835179821748));
#307 = CARTESIAN_POINT('',(2.61024496783,15.661469806981,12.587989718681
    ));
#308 = CARTESIAN_POINT('',(2.57043162873,15.422589772379,12.383129427917
    ));
#309 = CARTESIAN_POINT('',(2.526277435291,15.157664611744,12.20328557511
    ));
#310 = CARTESIAN_POINT('',(2.474359911165,14.846159466992,12.0693335103)
  );
#311 = CARTESIAN_POINT('',(2.418281420599,14.509688523596,
    12.000566773839));
#312 = CARTESIAN_POINT('',(2.361180859791,14.167085158747,
    12.000003707981));
#313 = ORIENTED_EDGE('',*,*,#140,.F.);
#314 = ORIENTED_EDGE('',*,*,#86,.F.);
#315 = ( BOUNDED_SURFACE() B_SPLINE_SURFACE(2,10,(
    (#316,#317,#318,#319,#320,#321,#322,#323,#324,#325,#326)
    ,(#327,#328,#329,#330,#331,#332,#333,#334,#335,#336,#337)
    ,(#338,#339,#340,#341,#342,#343,#344,#345,#346,#347,#348
)),.UNSPECIFIED.,.F.,.F.,.F.) B_SPLINE_SURFACE_WITH_KNOTS((3,3),(11,11),
  (0.,1.414242230201),(53.478404419769,54.89264664997),
.PIECEWISE_BEZIER_KNOTS.) GEOMETRIC_REPRESENTATION_ITEM() 
RATIONAL_B_SPLINE_SURFACE((
    (1.,1.,1.,1.,0.999999999999,1.000000000001,0.999999999999,1.,1.,1.
      ,1.)
    ,(0.64637489613,0.64637489613,0.648325243286,0.652222501712
      ,0.65810572704,0.665222302065,0.674354400415,0.68339019359
      ,0.691501216732,0.699259794871,0.707106781187)
    ,(1.,1.,1.,1.,0.999999999999,1.000000000001,0.999999999999,1.,1.,1.
,1.))) REPRESENTATION_ITEM('') SURFACE() );
#316 = CARTESIAN_POINT('',(3.680460421716,15.,14.));
#317 = CARTESIAN_POINT('',(3.680460421716,15.,13.831780441572));
#318 = CARTESIAN_POINT('',(3.670104526536,14.968548659226,
    13.660010026707));
#319 = CARTESIAN_POINT('',(3.649056939865,14.903486746724,
    13.492900192999));
#320 = CARTESIAN_POINT('',(3.617168987653,14.805325839651,
    13.341619542329));
#321 = CARTESIAN_POINT('',(3.577685396966,14.681858535628,
    13.214203188267));
#322 = CARTESIAN_POINT('',(3.529335143486,14.539714958427,
    13.120508713084));
#323 = CARTESIAN_POINT('',(3.481014040792,14.400298777192,
    13.059189742683));
#324 = CARTESIAN_POINT('',(3.436047604594,14.266686230214,
    13.020230954172));
#325 = CARTESIAN_POINT('',(3.392128557386,14.135004156711,13.));
#326 = CARTESIAN_POINT('',(3.347127088383,14.,13.));
#327 = CARTESIAN_POINT('',(2.5,15.,14.));
#328 = CARTESIAN_POINT('',(2.5,15.,13.859435566623));
#329 = CARTESIAN_POINT('',(2.496491584026,14.978949504156,
    13.713834341213));
#330 = CARTESIAN_POINT('',(2.488999700849,14.933998205095,
    13.568349088489));
#331 = CARTESIAN_POINT('',(2.477285017981,14.863710107887,
    13.430209146641));
#332 = CARTESIAN_POINT('',(2.461996860961,14.771981165768,
    13.308052017464));
#333 = CARTESIAN_POINT('',(2.444011423599,14.664068541595,
    13.205555241011));
#334 = CARTESIAN_POINT('',(2.424688700138,14.548132200827,
    13.126301314237));
#335 = CARTESIAN_POINT('',(2.405098528259,14.430591169553,
    13.066091458804));
#336 = CARTESIAN_POINT('',(2.384091262148,14.304547572887,
    13.022443610448));
#337 = CARTESIAN_POINT('',(2.360733164551,14.164398987305,13.));
#338 = CARTESIAN_POINT('',(2.694066497884,16.164398987305,14.));
#339 = CARTESIAN_POINT('',(2.694066497884,16.164398987305,
    13.691216008195));
#340 = CARTESIAN_POINT('',(2.685168391391,16.111010348347,
    13.390719096574));
#341 = CARTESIAN_POINT('',(2.668026547918,16.008159287511,
    13.102487950412));
#342 = CARTESIAN_POINT('',(2.642831493449,15.856988960693,
    12.835179821748));
#343 = CARTESIAN_POINT('',(2.61024496783,15.661469806981,12.587989718681
    ));
#344 = CARTESIAN_POINT('',(2.57043162873,15.422589772379,12.383129427917
    ));
#345 = CARTESIAN_POINT('',(2.526277435291,15.157664611744,12.20328557511
    ));
#346 = CARTESIAN_POINT('',(2.474359911165,14.846159466992,12.0693335103)
  );
#347 = CARTESIAN_POINT('',(2.418281420599,14.509688523596,
    12.000566773839));
#348 = CARTESIAN_POINT('',(2.361180859791,14.167085158747,
    12.000003707981));
#349 = ADVANCED_FACE('',(#350),#375,.F.);
#350 = FACE_BOUND('',#351,.F.);
#351 = EDGE_LOOP('',(#352,#362,#368,#369));
#352 = ORIENTED_EDGE('',*,*,#353,.F.);
#353 = EDGE_CURVE('',#354,#356,#358,.T.);
#354 = VERTEX_POINT('',#355);
#355 = CARTESIAN_POINT('',(26.319539578284,15.,14.704860274386));
#356 = VERTEX_POINT('',#357);
#357 = CARTESIAN_POINT('',(3.680460421716,15.,14.704860274386));
#358 = LINE('',#359,#360);
#359 = CARTESIAN_POINT('',(27.5,15.,14.704860274386));
#360 = VECTOR('',#361,1.);
#361 = DIRECTION('',(-1.,0.,0.));
#362 = ORIENTED_EDGE('',*,*,#363,.T.);
#363 = EDGE_CURVE('',#354,#63,#364,.T.);
#364 = LINE('',#365,#366);
#365 = CARTESIAN_POINT('',(26.319539578284,15.,14.704860274386));
#366 = VECTOR('',#367,1.);
#367 = DIRECTION('',(-0.,-0.,-1.));
#368 = ORIENTED_EDGE('',*,*,#78,.T.);
#369 = ORIENTED_EDGE('',*,*,#370,.F.);
#370 = EDGE_CURVE('',#356,#79,#371,.T.);
#371 = LINE('',#372,#373);
#372 = CARTESIAN_POINT('',(3.680460421716,15.,14.704860274386));
#373 = VECTOR('',#374,1.);
#374 = DIRECTION('',(-0.,-0.,-1.));
#375 = PLANE('',#376);
#376 = AXIS2_PLACEMENT_3D('',#377,#378,#379);
#377 = CARTESIAN_POINT('',(27.5,15.,30.));
#378 = DIRECTION('',(0.,1.,0.));
#379 = DIRECTION('',(-1.,0.,0.));
#380 = ADVANCED_FACE('',(#381),#485,.F.);
#381 = FACE_BOUND('',#382,.F.);
#382 = EDGE_LOOP('',(#383,#393,#401,#420,#421,#422,#430,#438,#457,#465,
    #479));
#383 = ORIENTED_EDGE('',*,*,#384,.F.);
#384 = EDGE_CURVE('',#385,#387,#389,.T.);
#385 = VERTEX_POINT('',#386);
#386 = CARTESIAN_POINT('',(29.805933502116,1.164398987305,0.));
#387 = VERTEX_POINT('',#388);
#388 = CARTESIAN_POINT('',(25.139266835449,29.164398987305,0.));
#389 = LINE('',#390,#391);
#390 = CARTESIAN_POINT('',(30.,0.,0.));
#391 = VECTOR('',#392,1.);
#392 = DIRECTION('',(-0.164398987305,0.986393923832,0.));
#393 = ORIENTED_EDGE('',*,*,#394,.F.);
#394 = EDGE_CURVE('',#395,#385,#397,.T.);
#395 = VERTEX_POINT('',#396);
#396 = CARTESIAN_POINT('',(29.805933502116,1.164398987305,10.));
#397 = LINE('',#398,#399);
#398 = CARTESIAN_POINT('',(29.805933502116,1.164398987305,10.));
#399 = VECTOR('',#400,1.);
#400 = DIRECTION('',(-0.,-0.,-1.));
#401 = ORIENTED_EDGE('',*,*,#402,.F.);
#402 = EDGE_CURVE('',#118,#395,#403,.T.);
#403 = ( BOUNDED_CURVE() B_SPLINE_CURVE(8,(#404,#405,#406,#407,#408,#409
    ,#410,#411,#412,#413,#414,#415,#416,#417,#418,#419),.UNSPECIFIED.,
.F.,.F.) B_SPLINE_CURVE_WITH_KNOTS((9,7,9),(66.045117526918,
66.210691184786,70.956729598395),.UNSPECIFIED.) CURVE() 
GEOMETRIC_REPRESENTATION_ITEM() RATIONAL_B_SPLINE_CURVE((1.,1.,1.,1.,1.,
1.,1.,1.,1.,1.,1.,1.,1.,1.,1.,1.)) REPRESENTATION_ITEM('') );
#404 = CARTESIAN_POINT('',(29.472600168782,3.164398987306,12.));
#405 = CARTESIAN_POINT('',(29.476025147685,3.143849113892,12.));
#406 = CARTESIAN_POINT('',(29.479456931598,3.123258410412,
    11.999832298681));
#407 = CARTESIAN_POINT('',(29.482853376625,3.102879740249,
    11.999526140709));
#408 = CARTESIAN_POINT('',(29.486330326786,3.082018039281,
    11.999017917931));
#409 = CARTESIAN_POINT('',(29.489703959167,3.061776244999,
    11.998364856293));
#410 = CARTESIAN_POINT('',(29.493155413056,3.041067521662,
    11.997587731891));
#411 = CARTESIAN_POINT('',(29.497114698924,3.017311806459,
    11.996572057514));
#412 = CARTESIAN_POINT('',(29.566712402238,2.599725586573,11.96350012645
    ));
#413 = CARTESIAN_POINT('',(29.630216422542,2.218701464749,
    11.838605059489));
#414 = CARTESIAN_POINT('',(29.687015833354,1.877904999874,
    11.635924947694));
#415 = CARTESIAN_POINT('',(29.73488752222,1.590674866677,11.36401339237)
  );
#416 = CARTESIAN_POINT('',(29.770161252891,1.379032482654,
    11.048923674931));
#417 = CARTESIAN_POINT('',(29.794061599208,1.235630404749,
    10.708186661669));
#418 = CARTESIAN_POINT('',(29.805933502116,1.164398987305,
    10.354066983853));
#419 = CARTESIAN_POINT('',(29.805933502116,1.164398987305,10.));
#420 = ORIENTED_EDGE('',*,*,#126,.F.);
#421 = ORIENTED_EDGE('',*,*,#240,.F.);
#422 = ORIENTED_EDGE('',*,*,#423,.F.);
#423 = EDGE_CURVE('',#424,#230,#426,.T.);
#424 = VERTEX_POINT('',#425);
#425 = CARTESIAN_POINT('',(27.305933502116,16.164398987305,
    14.704860274386));
#426 = LINE('',#427,#428);
#427 = CARTESIAN_POINT('',(27.305933502116,16.164398987305,
    14.704860274386));
#428 = VECTOR('',#429,1.);
#429 = DIRECTION('',(-0.,-0.,-1.));
#430 = ORIENTED_EDGE('',*,*,#431,.F.);
#431 = EDGE_CURVE('',#432,#424,#434,.T.);
#432 = VERTEX_POINT('',#433);
#433 = CARTESIAN_POINT('',(26.133152390222,23.20108565867,
    27.938943125572));
#434 = LINE('',#435,#436);
#435 = CARTESIAN_POINT('',(26.140216857929,23.158698852425,
    27.859225137285));
#436 = VECTOR('',#437,1.);
#437 = DIRECTION('',(7.80068334104E-02,-0.468041000462,-0.880257096437)
  );
#438 = ORIENTED_EDGE('',*,*,#439,.F.);
#439 = EDGE_CURVE('',#440,#432,#442,.T.);
#440 = VERTEX_POINT('',#441);
#441 = CARTESIAN_POINT('',(25.838836525935,24.966980844388,29.));
#442 = ( BOUNDED_CURVE() B_SPLINE_CURVE(7,(#443,#444,#445,#446,#447,#448
    ,#449,#450,#451,#452,#453,#454,#455,#456),.UNSPECIFIED.,.F.,.F.) 
B_SPLINE_CURVE_WITH_KNOTS((8,6,8),(33.806007528665,33.972039888935,
37.159423145616),.UNSPECIFIED.) CURVE() GEOMETRIC_REPRESENTATION_ITEM() 
RATIONAL_B_SPLINE_CURVE((1.,1.,1.,1.,1.,1.,1.,1.,1.,1.,1.,1.,1.,1.)) 
REPRESENTATION_ITEM('') );
#443 = CARTESIAN_POINT('',(25.838836525935,24.966980844388,29.));
#444 = CARTESIAN_POINT('',(25.842785240979,24.943288554128,29.));
#445 = CARTESIAN_POINT('',(25.846743732042,24.919537607747,
    28.999776922389));
#446 = CARTESIAN_POINT('',(25.85064603053,24.896123816819,
    28.999373967476));
#447 = CARTESIAN_POINT('',(25.854735259898,24.871588440615,
    28.998662231735));
#448 = CARTESIAN_POINT('',(25.858369450812,24.84978329513,
    28.997865317281));
#449 = CARTESIAN_POINT('',(25.863222664809,24.820664011144,
    28.996731876493));
#450 = CARTESIAN_POINT('',(25.918646111161,24.488123333035,
    28.970668158987));
#451 = CARTESIAN_POINT('',(25.968499129599,24.189005222404,
    28.887810855629));
#452 = CARTESIAN_POINT('',(26.015362758296,23.907823450221,
    28.755389618255));
#453 = CARTESIAN_POINT('',(26.055334080488,23.667995517071,
    28.575483502865));
#454 = CARTESIAN_POINT('',(26.087279353571,23.476323878572,
    28.37699741521));
#455 = CARTESIAN_POINT('',(26.113063504859,23.321618970848,
    28.16563331574));
#456 = CARTESIAN_POINT('',(26.133152390222,23.20108565867,
    27.938943125572));
#457 = ORIENTED_EDGE('',*,*,#458,.F.);
#458 = EDGE_CURVE('',#459,#440,#461,.T.);
#459 = VERTEX_POINT('',#460);
#460 = CARTESIAN_POINT('',(25.472771813814,27.163369117116,
    29.000000545047));
#461 = LINE('',#462,#463);
#462 = CARTESIAN_POINT('',(25.5,27.,29.));
#463 = VECTOR('',#464,1.);
#464 = DIRECTION('',(0.164398987305,-0.986393923832,0.));
#465 = ORIENTED_EDGE('',*,*,#466,.F.);
#466 = EDGE_CURVE('',#467,#459,#469,.T.);
#467 = VERTEX_POINT('',#468);
#468 = CARTESIAN_POINT('',(25.139266835449,29.164398987305,27.));
#469 = ( BOUNDED_CURVE() B_SPLINE_CURVE(8,(#470,#471,#472,#473,#474,#475
,#476,#477,#478),.UNSPECIFIED.,.F.,.F.) B_SPLINE_CURVE_WITH_KNOTS((9,9),
(27.,31.578197465034),.PIECEWISE_BEZIER_KNOTS.) CURVE() 
GEOMETRIC_REPRESENTATION_ITEM() RATIONAL_B_SPLINE_CURVE((1.,1.,1.,1.,1.,
1.,1.,1.,1.)) REPRESENTATION_ITEM('') );
#470 = CARTESIAN_POINT('',(25.139266835449,29.164398987305,27.));
#471 = CARTESIAN_POINT('',(25.139266835449,29.164398987305,
    27.405745350997));
#472 = CARTESIAN_POINT('',(25.154928382657,29.070429704059,
    27.825907275118));
#473 = CARTESIAN_POINT('',(25.188073920033,28.871556479804,
    28.225787721104));
#474 = CARTESIAN_POINT('',(25.23750583968,28.574964961921,
    28.561542912736));
#475 = CARTESIAN_POINT('',(25.296064170281,28.223614978314,
    28.788800605941));
#476 = CARTESIAN_POINT('',(25.354405973365,27.87356415981,
    28.928368501701));
#477 = CARTESIAN_POINT('',(25.413199029431,27.520805823413,
    29.00022303298));
#478 = CARTESIAN_POINT('',(25.472771813814,27.163369117116,
    29.000000545047));
#479 = ORIENTED_EDGE('',*,*,#480,.F.);
#480 = EDGE_CURVE('',#387,#467,#481,.T.);
#481 = LINE('',#482,#483);
#482 = CARTESIAN_POINT('',(25.139266835449,29.164398987305,0.));
#483 = VECTOR('',#484,1.);
#484 = DIRECTION('',(0.,0.,1.));
#485 = PLANE('',#486);
#486 = AXIS2_PLACEMENT_3D('',#487,#488,#489);
#487 = CARTESIAN_POINT('',(30.,0.,0.));
#488 = DIRECTION('',(-0.986393923832,-0.164398987305,0.));
#489 = DIRECTION('',(-0.164398987305,0.986393923832,0.));
#490 = ADVANCED_FACE('',(#491),#502,.T.);
#491 = FACE_BOUND('',#492,.T.);
#492 = EDGE_LOOP('',(#493,#494,#495,#501));
#493 = ORIENTED_EDGE('',*,*,#117,.T.);
#494 = ORIENTED_EDGE('',*,*,#202,.T.);
#495 = ORIENTED_EDGE('',*,*,#496,.F.);
#496 = EDGE_CURVE('',#395,#195,#497,.T.);
#497 = ( BOUNDED_CURVE() B_SPLINE_CURVE(2,(#498,#499,#500),
.UNSPECIFIED.,.F.,.F.) B_SPLINE_CURVE_WITH_KNOTS((3,3),(0.,
4.911612071477),.PIECEWISE_BEZIER_KNOTS.) CURVE() 
GEOMETRIC_REPRESENTATION_ITEM() RATIONAL_B_SPLINE_CURVE((1.,
0.64637489613,1.)) REPRESENTATION_ITEM('') );
#498 = CARTESIAN_POINT('',(29.805933502116,1.164398987305,10.));
#499 = CARTESIAN_POINT('',(30.,-1.110223024625E-15,9.999999999999));
#500 = CARTESIAN_POINT('',(28.819539578284,-4.440892098501E-16,10.));
#501 = ORIENTED_EDGE('',*,*,#402,.F.);
#502 = ( BOUNDED_SURFACE() B_SPLINE_SURFACE(2,8,(
    (#503,#504,#505,#506,#507,#508,#509,#510,#511,#512,#513,#514,#515
      ,#516,#517,#518)
    ,(#519,#520,#521,#522,#523,#524,#525,#526,#527,#528,#529,#530,#531
      ,#532,#533,#534)
    ,(#535,#536,#537,#538,#539,#540,#541,#542,#543,#544,#545,#546,#547
      ,#548,#549,#550
)),.UNSPECIFIED.,.F.,.F.,.F.) B_SPLINE_SURFACE_WITH_KNOTS((3,3),(9,7,9),
  (0.,4.911612071477),(66.045117526918,66.210691184786,70.956729598395),
.UNSPECIFIED.) GEOMETRIC_REPRESENTATION_ITEM() RATIONAL_B_SPLINE_SURFACE
((
    (1.,1.,1.,1.,1.,1.,1.,1.,1.,1.,1.,1.,1.,1.,1.,1.)
    ,(0.707106781187,0.70670501597,0.706302940065,0.705900766745
      ,0.705497639217,0.705094455005,0.704690938063,0.704284860921
      ,0.692314113432,0.680776864992,0.670100689654,0.66083644693
      ,0.653681884811,0.648808212418,0.64637489613,0.64637489613)
    ,(1.,1.,1.,1.,1.,1.,1.,1.,1.,1.,1.,1.,1.,1.,1.,1.
))) REPRESENTATION_ITEM('') SURFACE() );
#503 = CARTESIAN_POINT('',(29.472600168782,3.164398987306,12.));
#504 = CARTESIAN_POINT('',(29.476025147685,3.143849113892,12.));
#505 = CARTESIAN_POINT('',(29.479456931598,3.123258410412,
    11.999832298681));
#506 = CARTESIAN_POINT('',(29.482853376625,3.102879740249,
    11.999526140709));
#507 = CARTESIAN_POINT('',(29.486330326786,3.082018039281,
    11.999017917931));
#508 = CARTESIAN_POINT('',(29.489703959167,3.061776244999,
    11.998364856293));
#509 = CARTESIAN_POINT('',(29.493155413056,3.041067521662,
    11.997587731891));
#510 = CARTESIAN_POINT('',(29.497114698924,3.017311806459,
    11.996572057514));
#511 = CARTESIAN_POINT('',(29.566712402238,2.599725586573,11.96350012645
    ));
#512 = CARTESIAN_POINT('',(29.630216422542,2.218701464749,
    11.838605059489));
#513 = CARTESIAN_POINT('',(29.687015833354,1.877904999874,
    11.635924947694));
#514 = CARTESIAN_POINT('',(29.73488752222,1.590674866677,11.36401339237)
  );
#515 = CARTESIAN_POINT('',(29.770161252891,1.379032482654,
    11.048923674931));
#516 = CARTESIAN_POINT('',(29.794061599208,1.235630404749,
    10.708186661669));
#517 = CARTESIAN_POINT('',(29.805933502116,1.164398987305,
    10.354066983853));
#518 = CARTESIAN_POINT('',(29.805933502116,1.164398987305,10.));
#519 = CARTESIAN_POINT('',(29.472600168782,3.164398987306,13.));
#520 = CARTESIAN_POINT('',(29.476027094802,3.14383743119,13.001137009665
    ));
#521 = CARTESIAN_POINT('',(29.479453446575,3.12327932055,13.002112883969
    ));
#522 = CARTESIAN_POINT('',(29.482879370774,3.102723775353,
    13.002927411677));
#523 = CARTESIAN_POINT('',(29.486304410684,3.082173535894,
    13.003582286748));
#524 = CARTESIAN_POINT('',(29.489729430525,3.06162341685,13.004075974339
    ));
#525 = CARTESIAN_POINT('',(29.493153474819,3.041079151084,13.00440903962
    ));
#526 = CARTESIAN_POINT('',(29.496574477201,3.020553136791,
    13.004585516009));
#527 = CARTESIAN_POINT('',(29.599962093269,2.400227440386,
    13.004895239433));
#528 = CARTESIAN_POINT('',(29.699655053831,1.802069677014,
    12.867894195436));
#529 = CARTESIAN_POINT('',(29.79205011199,1.247699328059,12.595900288232
    ));
#530 = CARTESIAN_POINT('',(29.872147537368,0.767114775791,
    12.205924463146));
#531 = CARTESIAN_POINT('',(29.934883707574,0.390697754555,11.72228683259
    ));
#532 = CARTESIAN_POINT('',(29.978156242538,0.131062544771,
    11.173711416724));
#533 = CARTESIAN_POINT('',(30.,-1.931788062848E-13,10.589045925961));
#534 = CARTESIAN_POINT('',(30.,-1.110223024625E-15,9.999999999999));
#535 = CARTESIAN_POINT('',(28.48620624495,3.,13.));
#536 = CARTESIAN_POINT('',(28.488510321666,2.979263309557,13.));
#537 = CARTESIAN_POINT('',(28.490814438769,2.958525527245,
    12.999836083636));
#538 = CARTESIAN_POINT('',(28.493118134419,2.937793061157,
    12.999508845611));
#539 = CARTESIAN_POINT('',(28.495421654965,2.9170498112,12.999016807821)
  );
#540 = CARTESIAN_POINT('',(28.497724306628,2.896315284311,
    12.998361463697));
#541 = CARTESIAN_POINT('',(28.500025708857,2.875587041819,
    12.997542702549));
#542 = CARTESIAN_POINT('',(28.502326529378,2.85482303724,12.996556958327
    ));
#543 = CARTESIAN_POINT('',(28.570517183286,2.240666037453,
    12.962546016458));
#544 = CARTESIAN_POINT('',(28.634911358727,1.660438124288,
    12.795523951679));
#545 = CARTESIAN_POINT('',(28.693353981124,1.134314137924,
    12.502068412079));
#546 = CARTESIAN_POINT('',(28.74298163358,0.687557966134,12.103048142803
    ));
#547 = CARTESIAN_POINT('',(28.780944626567,0.346503263812,
    11.626238917517));
#548 = CARTESIAN_POINT('',(28.806690251286,0.115360851763,
    11.100896093367));
#549 = CARTESIAN_POINT('',(28.819539578284,-8.881784197001E-16,
    10.550415625836));
#550 = CARTESIAN_POINT('',(28.819539578284,-4.440892098501E-16,10.));
#551 = ADVANCED_FACE('',(#552),#656,.T.);
#552 = FACE_BOUND('',#553,.T.);
#553 = EDGE_LOOP('',(#554,#564,#572,#591,#592,#593,#601,#609,#628,#636,
    #650));
#554 = ORIENTED_EDGE('',*,*,#555,.F.);
#555 = EDGE_CURVE('',#556,#558,#560,.T.);
#556 = VERTEX_POINT('',#557);
#557 = CARTESIAN_POINT('',(0.194066497884,1.164398987305,0.));
#558 = VERTEX_POINT('',#559);
#559 = CARTESIAN_POINT('',(4.860733164551,29.164398987305,0.));
#560 = LINE('',#561,#562);
#561 = CARTESIAN_POINT('',(0.,0.,0.));
#562 = VECTOR('',#563,1.);
#563 = DIRECTION('',(0.164398987305,0.986393923832,0.));
#564 = ORIENTED_EDGE('',*,*,#565,.F.);
#565 = EDGE_CURVE('',#566,#556,#568,.T.);
#566 = VERTEX_POINT('',#567);
#567 = CARTESIAN_POINT('',(0.194066497884,1.164398987305,10.));
#568 = LINE('',#569,#570);
#569 = CARTESIAN_POINT('',(0.194066497884,1.164398987305,10.));
#570 = VECTOR('',#571,1.);
#571 = DIRECTION('',(-0.,-0.,-1.));
#572 = ORIENTED_EDGE('',*,*,#573,.F.);
#573 = EDGE_CURVE('',#149,#566,#574,.T.);
#574 = ( BOUNDED_CURVE() B_SPLINE_CURVE(8,(#575,#576,#577,#578,#579,#580
    ,#581,#582,#583,#584,#585,#586,#587,#588,#589,#590),.UNSPECIFIED.,
.F.,.F.) B_SPLINE_CURVE_WITH_KNOTS((9,7,9),(66.045117526918,
66.210691184786,70.956729598394),.UNSPECIFIED.) CURVE() 
GEOMETRIC_REPRESENTATION_ITEM() RATIONAL_B_SPLINE_CURVE((1.,1.,1.,1.,1.,
1.,1.,1.,1.,1.,1.,1.,1.,1.,1.,1.)) REPRESENTATION_ITEM('') );
#575 = CARTESIAN_POINT('',(0.527399831218,3.164398987305,12.));
#576 = CARTESIAN_POINT('',(0.523974852315,3.143849113892,12.));
#577 = CARTESIAN_POINT('',(0.520543068402,3.123258410411,11.999832298681
    ));
#578 = CARTESIAN_POINT('',(0.517146623375,3.102879740249,11.999526140709
    ));
#579 = CARTESIAN_POINT('',(0.513669673214,3.082018039281,11.999017917931
    ));
#580 = CARTESIAN_POINT('',(0.510296040833,3.061776244999,11.998364856293
    ));
#581 = CARTESIAN_POINT('',(0.506844586944,3.041067521662,11.997587731891
    ));
#582 = CARTESIAN_POINT('',(0.502885301076,3.017311806459,11.996572057514
    ));
#583 = CARTESIAN_POINT('',(0.433287597762,2.599725586573,11.96350012645)
  );
#584 = CARTESIAN_POINT('',(0.369783577458,2.21870146475,11.838605059488)
  );
#585 = CARTESIAN_POINT('',(0.312984166646,1.877904999874,11.635924947696
    ));
#586 = CARTESIAN_POINT('',(0.26511247778,1.590674866678,11.364013392367)
  );
#587 = CARTESIAN_POINT('',(0.229838747109,1.379032482654,11.048923674934
    ));
#588 = CARTESIAN_POINT('',(0.205938400792,1.23563040475,10.708186661667)
  );
#589 = CARTESIAN_POINT('',(0.194066497884,1.164398987305,10.354066983854
    ));
#590 = CARTESIAN_POINT('',(0.194066497884,1.164398987305,10.));
#591 = ORIENTED_EDGE('',*,*,#148,.F.);
#592 = ORIENTED_EDGE('',*,*,#300,.F.);
#593 = ORIENTED_EDGE('',*,*,#594,.F.);
#594 = EDGE_CURVE('',#595,#292,#597,.T.);
#595 = VERTEX_POINT('',#596);
#596 = CARTESIAN_POINT('',(2.694066497884,16.164398987305,
    14.704860274386));
#597 = LINE('',#598,#599);
#598 = CARTESIAN_POINT('',(2.694066497884,16.164398987305,
    14.704860274386));
#599 = VECTOR('',#600,1.);
#600 = DIRECTION('',(-0.,-0.,-1.));
#601 = ORIENTED_EDGE('',*,*,#602,.F.);
#602 = EDGE_CURVE('',#603,#595,#605,.T.);
#603 = VERTEX_POINT('',#604);
#604 = CARTESIAN_POINT('',(3.866847609778,23.20108565867,27.938943125572
    ));
#605 = LINE('',#606,#607);
#606 = CARTESIAN_POINT('',(3.859783142071,23.158698852425,
    27.859225137285));
#607 = VECTOR('',#608,1.);
#608 = DIRECTION('',(-7.80068334104E-02,-0.468041000462,-0.880257096437)
  );
#609 = ORIENTED_EDGE('',*,*,#610,.F.);
#610 = EDGE_CURVE('',#611,#603,#613,.T.);
#611 = VERTEX_POINT('',#612);
#612 = CARTESIAN_POINT('',(4.161163474065,24.966980844388,29.));
#613 = ( BOUNDED_CURVE() B_SPLINE_CURVE(7,(#614,#615,#616,#617,#618,#619
    ,#620,#621,#622,#623,#624,#625,#626,#627),.UNSPECIFIED.,.F.,.F.) 
B_SPLINE_CURVE_WITH_KNOTS((8,6,8),(33.806007528665,33.972039888935,
37.159423145616),.UNSPECIFIED.) CURVE() GEOMETRIC_REPRESENTATION_ITEM() 
RATIONAL_B_SPLINE_CURVE((1.,1.,1.,1.,1.,1.,1.,1.,1.,1.,1.,1.,1.,1.)) 
REPRESENTATION_ITEM('') );
#614 = CARTESIAN_POINT('',(4.161163474065,24.966980844388,29.));
#615 = CARTESIAN_POINT('',(4.157214759021,24.943288554128,29.));
#616 = CARTESIAN_POINT('',(4.153256267958,24.919537607747,
    28.999776922389));
#617 = CARTESIAN_POINT('',(4.14935396947,24.896123816819,28.999373967476
    ));
#618 = CARTESIAN_POINT('',(4.145264740103,24.871588440615,
    28.998662231735));
#619 = CARTESIAN_POINT('',(4.141630549188,24.84978329513,28.997865317281
    ));
#620 = CARTESIAN_POINT('',(4.136777335191,24.820664011144,
    28.996731876494));
#621 = CARTESIAN_POINT('',(4.081353888839,24.488123333035,
    28.970668158987));
#622 = CARTESIAN_POINT('',(4.031500870401,24.189005222403,
    28.887810855629));
#623 = CARTESIAN_POINT('',(3.984637241704,23.907823450222,
    28.755389618256));
#624 = CARTESIAN_POINT('',(3.944665919512,23.667995517069,
    28.575483502862));
#625 = CARTESIAN_POINT('',(3.912720646429,23.476323878573,
    28.376997415213));
#626 = CARTESIAN_POINT('',(3.886936495141,23.321618970847,
    28.165633315739));
#627 = CARTESIAN_POINT('',(3.866847609778,23.20108565867,27.938943125572
    ));
#628 = ORIENTED_EDGE('',*,*,#629,.F.);
#629 = EDGE_CURVE('',#630,#611,#632,.T.);
#630 = VERTEX_POINT('',#631);
#631 = CARTESIAN_POINT('',(4.527228186186,27.163369117116,
    29.000000545047));
#632 = LINE('',#633,#634);
#633 = CARTESIAN_POINT('',(4.5,27.,29.));
#634 = VECTOR('',#635,1.);
#635 = DIRECTION('',(-0.164398987305,-0.986393923832,-0.));
#636 = ORIENTED_EDGE('',*,*,#637,.F.);
#637 = EDGE_CURVE('',#638,#630,#640,.T.);
#638 = VERTEX_POINT('',#639);
#639 = CARTESIAN_POINT('',(4.860733164551,29.164398987305,27.));
#640 = ( BOUNDED_CURVE() B_SPLINE_CURVE(8,(#641,#642,#643,#644,#645,#646
,#647,#648,#649),.UNSPECIFIED.,.F.,.F.) B_SPLINE_CURVE_WITH_KNOTS((9,9),
(27.,31.578197465034),.PIECEWISE_BEZIER_KNOTS.) CURVE() 
GEOMETRIC_REPRESENTATION_ITEM() RATIONAL_B_SPLINE_CURVE((1.,1.,1.,1.,1.,
1.,1.,1.,1.)) REPRESENTATION_ITEM('') );
#641 = CARTESIAN_POINT('',(4.860733164551,29.164398987305,27.));
#642 = CARTESIAN_POINT('',(4.860733164551,29.164398987305,
    27.405745350997));
#643 = CARTESIAN_POINT('',(4.845071617343,29.070429704059,
    27.825907275118));
#644 = CARTESIAN_POINT('',(4.811926079967,28.871556479804,
    28.225787721104));
#645 = CARTESIAN_POINT('',(4.76249416032,28.574964961921,28.561542912736
    ));
#646 = CARTESIAN_POINT('',(4.703935829719,28.223614978314,
    28.788800605941));
#647 = CARTESIAN_POINT('',(4.645594026635,27.87356415981,28.928368501701
    ));
#648 = CARTESIAN_POINT('',(4.586800970569,27.520805823412,29.00022303298
    ));
#649 = CARTESIAN_POINT('',(4.527228186186,27.163369117116,
    29.000000545047));
#650 = ORIENTED_EDGE('',*,*,#651,.F.);
#651 = EDGE_CURVE('',#558,#638,#652,.T.);
#652 = LINE('',#653,#654);
#653 = CARTESIAN_POINT('',(4.860733164551,29.164398987305,0.));
#654 = VECTOR('',#655,1.);
#655 = DIRECTION('',(0.,0.,1.));
#656 = PLANE('',#657);
#657 = AXIS2_PLACEMENT_3D('',#658,#659,#660);
#658 = CARTESIAN_POINT('',(0.,0.,0.));
#659 = DIRECTION('',(-0.986393923832,0.164398987305,0.));
#660 = DIRECTION('',(0.164398987305,0.986393923832,0.));
#661 = ADVANCED_FACE('',(#662),#673,.T.);
#662 = FACE_BOUND('',#663,.T.);
#663 = EDGE_LOOP('',(#664,#665,#666,#672));
#664 = ORIENTED_EDGE('',*,*,#156,.T.);
#665 = ORIENTED_EDGE('',*,*,#573,.T.);
#666 = ORIENTED_EDGE('',*,*,#667,.F.);
#667 = EDGE_CURVE('',#174,#566,#668,.T.);
#668 = ( BOUNDED_CURVE() B_SPLINE_CURVE(2,(#669,#670,#671),
.UNSPECIFIED.,.F.,.F.) B_SPLINE_CURVE_WITH_KNOTS((3,3),(0.,
4.911612071476),.PIECEWISE_BEZIER_KNOTS.) CURVE() 
GEOMETRIC_REPRESENTATION_ITEM() RATIONAL_B_SPLINE_CURVE((1.,
0.64637489613,1.)) REPRESENTATION_ITEM('') );
#669 = CARTESIAN_POINT('',(1.180460421716,-4.440892098501E-16,10.));
#670 = CARTESIAN_POINT('',(-3.330669073875E-16,-6.661338147751E-16,10.)
  );
#671 = CARTESIAN_POINT('',(0.194066497884,1.164398987305,10.));
#672 = ORIENTED_EDGE('',*,*,#173,.F.);
#673 = ( BOUNDED_SURFACE() B_SPLINE_SURFACE(2,8,(
    (#674,#675,#676,#677,#678,#679,#680,#681,#682,#683,#684,#685,#686
      ,#687,#688,#689)
    ,(#690,#691,#692,#693,#694,#695,#696,#697,#698,#699,#700,#701,#702
      ,#703,#704,#705)
    ,(#706,#707,#708,#709,#710,#711,#712,#713,#714,#715,#716,#717,#718
      ,#719,#720,#721
)),.UNSPECIFIED.,.F.,.F.,.F.) B_SPLINE_SURFACE_WITH_KNOTS((3,3),(9,7,9),
  (0.,4.911612071476),(66.045117526918,66.210691184786,70.956729598394),
.UNSPECIFIED.) GEOMETRIC_REPRESENTATION_ITEM() RATIONAL_B_SPLINE_SURFACE
((
    (1.,1.,1.,1.,1.,1.,1.,1.,1.,1.,1.,1.,1.,1.,1.,1.)
    ,(0.707106781187,0.70670501597,0.706302940065,0.705900766745
      ,0.705497639217,0.705094455005,0.704690938063,0.704284860921
      ,0.692314113433,0.680776864992,0.670100689654,0.660836446929
      ,0.653681884811,0.648808212418,0.64637489613,0.64637489613)
    ,(1.,1.,1.,1.,1.,1.,1.,1.,1.,1.,1.,1.,1.,1.,1.,1.
))) REPRESENTATION_ITEM('') SURFACE() );
#674 = CARTESIAN_POINT('',(1.51379375505,3.,13.));
#675 = CARTESIAN_POINT('',(1.511489678334,2.979263309556,13.));
#676 = CARTESIAN_POINT('',(1.509185561231,2.958525527245,12.999836083636
    ));
#677 = CARTESIAN_POINT('',(1.506881865581,2.937793061156,12.999508845611
    ));
#678 = CARTESIAN_POINT('',(1.504578345035,2.9170498112,12.999016807821)
  );
#679 = CARTESIAN_POINT('',(1.502275693372,2.896315284312,12.998361463697
    ));
#680 = CARTESIAN_POINT('',(1.499974291143,2.875587041819,12.997542702549
    ));
#681 = CARTESIAN_POINT('',(1.497673470622,2.85482303724,12.996556958327)
  );
#682 = CARTESIAN_POINT('',(1.429482816714,2.240666037457,12.962546016458
    ));
#683 = CARTESIAN_POINT('',(1.365088641272,1.66043812428,12.795523951678)
  );
#684 = CARTESIAN_POINT('',(1.306646018877,1.134314137936,12.502068412085
    ));
#685 = CARTESIAN_POINT('',(1.25701836642,0.687557966126,12.103048142793)
  );
#686 = CARTESIAN_POINT('',(1.219055373433,0.346503263816,11.62623891753)
  );
#687 = CARTESIAN_POINT('',(1.193309748714,0.115360851763,11.100896093358
    ));
#688 = CARTESIAN_POINT('',(1.180460421716,3.10862446895E-15,
    10.550415625842));
#689 = CARTESIAN_POINT('',(1.180460421716,-4.440892098501E-16,10.));
#690 = CARTESIAN_POINT('',(0.527399831218,3.164398987305,13.));
#691 = CARTESIAN_POINT('',(0.523972905198,3.14383743119,13.001137009665)
  );
#692 = CARTESIAN_POINT('',(0.520546553425,3.12327932055,13.002112883969)
  );
#693 = CARTESIAN_POINT('',(0.517120629225,3.102723775353,13.002927411677
    ));
#694 = CARTESIAN_POINT('',(0.513695589316,3.082173535894,13.003582286748
    ));
#695 = CARTESIAN_POINT('',(0.510270569475,3.06162341685,13.004075974339)
  );
#696 = CARTESIAN_POINT('',(0.506846525181,3.041079151084,13.00440903962)
  );
#697 = CARTESIAN_POINT('',(0.503425522799,3.020553136791,13.004585516009
    ));
#698 = CARTESIAN_POINT('',(0.400037906731,2.400227440386,13.004895239433
    ));
#699 = CARTESIAN_POINT('',(0.300344946169,1.802069677014,12.867894195436
    ));
#700 = CARTESIAN_POINT('',(0.20794988801,1.24769932806,12.595900288232)
  );
#701 = CARTESIAN_POINT('',(0.127852462632,0.767114775791,12.205924463146
    ));
#702 = CARTESIAN_POINT('',(6.511629242604E-02,0.390697754556,
    11.722286832591));
#703 = CARTESIAN_POINT('',(2.184375746192E-02,0.131062544772,
    11.173711416724));
#704 = CARTESIAN_POINT('',(5.662137425588E-15,1.354472090043E-14,
    10.589045925962));
#705 = CARTESIAN_POINT('',(-3.330669073875E-16,-6.661338147751E-16,10.)
  );
#706 = CARTESIAN_POINT('',(0.527399831218,3.164398987305,12.));
#707 = CARTESIAN_POINT('',(0.523974852315,3.143849113892,12.));
#708 = CARTESIAN_POINT('',(0.520543068402,3.123258410411,11.999832298681
    ));
#709 = CARTESIAN_POINT('',(0.517146623375,3.102879740249,11.999526140709
    ));
#710 = CARTESIAN_POINT('',(0.513669673214,3.082018039281,11.999017917931
    ));
#711 = CARTESIAN_POINT('',(0.510296040833,3.061776244999,11.998364856293
    ));
#712 = CARTESIAN_POINT('',(0.506844586944,3.041067521662,11.997587731891
    ));
#713 = CARTESIAN_POINT('',(0.502885301076,3.017311806459,11.996572057514
    ));
#714 = CARTESIAN_POINT('',(0.433287597762,2.599725586573,11.96350012645)
  );
#715 = CARTESIAN_POINT('',(0.369783577458,2.21870146475,11.838605059488)
  );
#716 = CARTESIAN_POINT('',(0.312984166646,1.877904999874,11.635924947696
    ));
#717 = CARTESIAN_POINT('',(0.26511247778,1.590674866678,11.364013392367)
  );
#718 = CARTESIAN_POINT('',(0.229838747109,1.379032482654,11.048923674934
    ));
#719 = CARTESIAN_POINT('',(0.205938400792,1.23563040475,10.708186661667)
  );
#720 = CARTESIAN_POINT('',(0.194066497884,1.164398987305,10.354066983854
    ));
#721 = CARTESIAN_POINT('',(0.194066497884,1.164398987305,10.));
#722 = ADVANCED_FACE('',(#723),#748,.F.);
#723 = FACE_BOUND('',#724,.F.);
#724 = EDGE_LOOP('',(#725,#726,#734,#742));
#725 = ORIENTED_EDGE('',*,*,#194,.T.);
#726 = ORIENTED_EDGE('',*,*,#727,.T.);
#727 = EDGE_CURVE('',#195,#728,#730,.T.);
#728 = VERTEX_POINT('',#729);
#729 = CARTESIAN_POINT('',(28.819539578284,2.22044604925E-16,0.));
#730 = LINE('',#731,#732);
#731 = CARTESIAN_POINT('',(28.819539578284,2.22044604925E-16,10.));
#732 = VECTOR('',#733,1.);
#733 = DIRECTION('',(-0.,-0.,-1.));
#734 = ORIENTED_EDGE('',*,*,#735,.F.);
#735 = EDGE_CURVE('',#736,#728,#738,.T.);
#736 = VERTEX_POINT('',#737);
#737 = CARTESIAN_POINT('',(1.180460421716,2.22044604925E-16,0.));
#738 = LINE('',#739,#740);
#739 = CARTESIAN_POINT('',(0.,0.,0.));
#740 = VECTOR('',#741,1.);
#741 = DIRECTION('',(1.,0.,0.));
#742 = ORIENTED_EDGE('',*,*,#743,.F.);
#743 = EDGE_CURVE('',#174,#736,#744,.T.);
#744 = LINE('',#745,#746);
#745 = CARTESIAN_POINT('',(1.180460421716,2.22044604925E-16,10.));
#746 = VECTOR('',#747,1.);
#747 = DIRECTION('',(-0.,-0.,-1.));
#748 = PLANE('',#749);
#749 = AXIS2_PLACEMENT_3D('',#750,#751,#752);
#750 = CARTESIAN_POINT('',(0.,0.,0.));
#751 = DIRECTION('',(0.,1.,0.));
#752 = DIRECTION('',(1.,0.,0.));
#753 = ADVANCED_FACE('',(#754),#771,.T.);
#754 = FACE_BOUND('',#755,.T.);
#755 = EDGE_LOOP('',(#756,#768,#769,#770));
#756 = ORIENTED_EDGE('',*,*,#757,.T.);
#757 = EDGE_CURVE('',#424,#354,#758,.T.);
#758 = B_SPLINE_CURVE_WITH_KNOTS('',8,(#759,#760,#761,#762,#763,#764,
    #765,#766,#767),.UNSPECIFIED.,.F.,.F.,(9,9),(0.,1.),
  .PIECEWISE_BEZIER_KNOTS.);
#759 = CARTESIAN_POINT('',(27.305933502116,16.164398987305,
    14.704860274386));
#760 = CARTESIAN_POINT('',(27.341606952204,15.950358286773,
    14.704860274386));
#761 = CARTESIAN_POINT('',(27.32419986935,15.727470688181,
    14.704860274386));
#762 = CARTESIAN_POINT('',(27.251153624207,15.511094953546,
    14.704860274386));
#763 = CARTESIAN_POINT('',(27.125236992355,15.317471895501,
    14.704860274386));
#764 = CARTESIAN_POINT('',(26.954948951145,15.16143706027,
    14.704860274386));
#765 = CARTESIAN_POINT('',(26.753525969965,15.053812736251,
    14.704860274386));
#766 = CARTESIAN_POINT('',(26.53653270381,15.,14.704860274386));
#767 = CARTESIAN_POINT('',(26.319539578284,15.,14.704860274386));
#768 = ORIENTED_EDGE('',*,*,#363,.T.);
#769 = ORIENTED_EDGE('',*,*,#229,.F.);
#770 = ORIENTED_EDGE('',*,*,#423,.F.);
#771 = CYLINDRICAL_SURFACE('',#772,1.);
#772 = AXIS2_PLACEMENT_3D('',#773,#774,#775);
#773 = CARTESIAN_POINT('',(26.319539578284,16.,14.704860274386));
#774 = DIRECTION('',(-0.,-0.,-1.));
#775 = DIRECTION('',(0.986393923832,0.164398987305,0.));
#776 = ADVANCED_FACE('',(#777),#793,.T.);
#777 = FACE_BOUND('',#778,.T.);
#778 = EDGE_LOOP('',(#779,#790,#791,#792));
#779 = ORIENTED_EDGE('',*,*,#780,.T.);
#780 = EDGE_CURVE('',#356,#595,#781,.T.);
#781 = B_SPLINE_CURVE_WITH_KNOTS('',7,(#782,#783,#784,#785,#786,#787,
    #788,#789),.UNSPECIFIED.,.F.,.F.,(8,8),(0.,1.),
  .PIECEWISE_BEZIER_KNOTS.);
#782 = CARTESIAN_POINT('',(3.680460421716,15.,14.704860274386));
#783 = CARTESIAN_POINT('',(3.432468278258,15.,14.704860274386));
#784 = CARTESIAN_POINT('',(3.184478739562,15.071752680406,
    14.704860274386));
#785 = CARTESIAN_POINT('',(2.961383712122,15.215238605031,
    14.704860274386));
#786 = CARTESIAN_POINT('',(2.788161067208,15.419721081496,
    14.704860274386));
#787 = CARTESIAN_POINT('',(2.683304019588,15.663369601701,
    14.704860274386));
#788 = CARTESIAN_POINT('',(2.65329684064,15.91978104384,14.704860274386)
  );
#789 = CARTESIAN_POINT('',(2.694066497884,16.164398987305,
    14.704860274386));
#790 = ORIENTED_EDGE('',*,*,#594,.T.);
#791 = ORIENTED_EDGE('',*,*,#291,.F.);
#792 = ORIENTED_EDGE('',*,*,#370,.F.);
#793 = CYLINDRICAL_SURFACE('',#794,1.);
#794 = AXIS2_PLACEMENT_3D('',#795,#796,#797);
#795 = CARTESIAN_POINT('',(3.680460421716,16.,14.704860274386));
#796 = DIRECTION('',(-0.,-0.,-1.));
#797 = DIRECTION('',(0.,-1.,0.));
#798 = ADVANCED_FACE('',(#799),#840,.T.);
#799 = FACE_BOUND('',#800,.T.);
#800 = EDGE_LOOP('',(#801,#802,#818,#826));
#801 = ORIENTED_EDGE('',*,*,#353,.F.);
#802 = ORIENTED_EDGE('',*,*,#803,.F.);
#803 = EDGE_CURVE('',#804,#354,#806,.T.);
#804 = VERTEX_POINT('',#805);
#805 = CARTESIAN_POINT('',(26.319539578284,15.117052407141,
    15.174331837172));
#806 = B_SPLINE_CURVE_WITH_KNOTS('',10,(#807,#808,#809,#810,#811,#812,
    #813,#814,#815,#816,#817),.UNSPECIFIED.,.F.,.F.,(11,11),(0.,1.),
  .PIECEWISE_BEZIER_KNOTS.);
#807 = CARTESIAN_POINT('',(26.319539578284,15.117052407141,
    15.174331837172));
#808 = CARTESIAN_POINT('',(26.319539578284,15.094119571803,
    15.131201446826));
#809 = CARTESIAN_POINT('',(26.319683887251,15.073529925295,
    15.086855615076));
#810 = CARTESIAN_POINT('',(26.314140224918,15.055108048149,
    15.040720685278));
#811 = CARTESIAN_POINT('',(26.327588040211,15.040093546739,
    14.995988144032));
#812 = CARTESIAN_POINT('',(26.310830586005,15.025973384945,
    14.946341872045));
#813 = CARTESIAN_POINT('',(26.324767576215,15.016248166468,
    14.900512467769));
#814 = CARTESIAN_POINT('',(26.317374854336,15.007826402959,
    14.850982714725));
#815 = CARTESIAN_POINT('',(26.319906235681,15.002679233679,
    14.802659945251));
#816 = CARTESIAN_POINT('',(26.319539578284,15.,14.753729695153));
#817 = CARTESIAN_POINT('',(26.319539578284,15.,14.704860274386));
#818 = ORIENTED_EDGE('',*,*,#819,.T.);
#819 = EDGE_CURVE('',#804,#820,#822,.T.);
#820 = VERTEX_POINT('',#821);
#821 = CARTESIAN_POINT('',(3.680460421716,15.117052407141,
    15.174331837172));
#822 = LINE('',#823,#824);
#823 = CARTESIAN_POINT('',(27.5,15.117052407141,15.174331837172));
#824 = VECTOR('',#825,1.);
#825 = DIRECTION('',(-1.,0.,0.));
#826 = ORIENTED_EDGE('',*,*,#827,.T.);
#827 = EDGE_CURVE('',#820,#356,#828,.T.);
#828 = B_SPLINE_CURVE_WITH_KNOTS('',10,(#829,#830,#831,#832,#833,#834,
    #835,#836,#837,#838,#839),.UNSPECIFIED.,.F.,.F.,(11,11),(0.,1.),
  .PIECEWISE_BEZIER_KNOTS.);
#829 = CARTESIAN_POINT('',(3.680460421716,15.117052407141,
    15.174331837172));
#830 = CARTESIAN_POINT('',(3.680460421716,15.094119571804,
    15.131201446828));
#831 = CARTESIAN_POINT('',(3.680316112744,15.073529925291,15.08685561507
    ));
#832 = CARTESIAN_POINT('',(3.685859775089,15.055108048158,
    15.040720685292));
#833 = CARTESIAN_POINT('',(3.672411959775,15.040093546726,
    14.995988144016));
#834 = CARTESIAN_POINT('',(3.689169414004,15.025973384957,
    14.946341872058));
#835 = CARTESIAN_POINT('',(3.675232423776,15.01624816646,14.900512467767
    ));
#836 = CARTESIAN_POINT('',(3.682625145667,15.007826402962,
    14.850982714723));
#837 = CARTESIAN_POINT('',(3.680093764316,15.002679233679,
    14.802659945254));
#838 = CARTESIAN_POINT('',(3.680460421716,15.,14.753729695152));
#839 = CARTESIAN_POINT('',(3.680460421716,15.,14.704860274386));
#840 = CYLINDRICAL_SURFACE('',#841,1.);
#841 = AXIS2_PLACEMENT_3D('',#842,#843,#844);
#842 = CARTESIAN_POINT('',(27.5,16.,14.704860274386));
#843 = DIRECTION('',(-1.,0.,0.));
#844 = DIRECTION('',(0.,-1.,0.));
#845 = ADVANCED_FACE('',(#846),#889,.F.);
#846 = FACE_BOUND('',#847,.F.);
#847 = EDGE_LOOP('',(#848,#849,#856,#857,#866,#874,#881,#882));
#848 = ORIENTED_EDGE('',*,*,#735,.T.);
#849 = ORIENTED_EDGE('',*,*,#850,.F.);
#850 = EDGE_CURVE('',#385,#728,#851,.T.);
#851 = CIRCLE('',#852,1.);
#852 = AXIS2_PLACEMENT_3D('',#853,#854,#855);
#853 = CARTESIAN_POINT('',(28.819539578284,1.,0.));
#854 = DIRECTION('',(0.,0.,-1.));
#855 = DIRECTION('',(0.,1.,0.));
#856 = ORIENTED_EDGE('',*,*,#384,.T.);
#857 = ORIENTED_EDGE('',*,*,#858,.T.);
#858 = EDGE_CURVE('',#387,#859,#861,.T.);
#859 = VERTEX_POINT('',#860);
#860 = CARTESIAN_POINT('',(24.152872911617,30.,0.));
#861 = CIRCLE('',#862,1.);
#862 = AXIS2_PLACEMENT_3D('',#863,#864,#865);
#863 = CARTESIAN_POINT('',(24.152872911617,29.,0.));
#864 = DIRECTION('',(-0.,0.,1.));
#865 = DIRECTION('',(0.,-1.,0.));
#866 = ORIENTED_EDGE('',*,*,#867,.F.);
#867 = EDGE_CURVE('',#868,#859,#870,.T.);
#868 = VERTEX_POINT('',#869);
#869 = CARTESIAN_POINT('',(5.847127088383,30.,0.));
#870 = LINE('',#871,#872);
#871 = CARTESIAN_POINT('',(5.,30.,0.));
#872 = VECTOR('',#873,1.);
#873 = DIRECTION('',(1.,0.,0.));
#874 = ORIENTED_EDGE('',*,*,#875,.T.);
#875 = EDGE_CURVE('',#868,#558,#876,.T.);
#876 = CIRCLE('',#877,1.);
#877 = AXIS2_PLACEMENT_3D('',#878,#879,#880);
#878 = CARTESIAN_POINT('',(5.847127088383,29.,0.));
#879 = DIRECTION('',(-0.,0.,1.));
#880 = DIRECTION('',(0.,-1.,0.));
#881 = ORIENTED_EDGE('',*,*,#555,.F.);
#882 = ORIENTED_EDGE('',*,*,#883,.F.);
#883 = EDGE_CURVE('',#736,#556,#884,.T.);
#884 = CIRCLE('',#885,1.);
#885 = AXIS2_PLACEMENT_3D('',#886,#887,#888);
#886 = CARTESIAN_POINT('',(1.180460421716,1.,0.));
#887 = DIRECTION('',(0.,0.,-1.));
#888 = DIRECTION('',(0.,1.,0.));
#889 = PLANE('',#890);
#890 = AXIS2_PLACEMENT_3D('',#891,#892,#893);
#891 = CARTESIAN_POINT('',(15.,13.646546837127,0.));
#892 = DIRECTION('',(0.,0.,1.));
#893 = DIRECTION('',(1.,0.,0.));
#894 = ADVANCED_FACE('',(#895),#901,.T.);
#895 = FACE_BOUND('',#896,.T.);
#896 = EDGE_LOOP('',(#897,#898,#899,#900));
#897 = ORIENTED_EDGE('',*,*,#496,.T.);
#898 = ORIENTED_EDGE('',*,*,#727,.T.);
#899 = ORIENTED_EDGE('',*,*,#850,.F.);
#900 = ORIENTED_EDGE('',*,*,#394,.F.);
#901 = CYLINDRICAL_SURFACE('',#902,1.);
#902 = AXIS2_PLACEMENT_3D('',#903,#904,#905);
#903 = CARTESIAN_POINT('',(28.819539578284,1.,10.));
#904 = DIRECTION('',(-0.,-0.,-1.));
#905 = DIRECTION('',(0.986393923832,0.164398987305,0.));
#906 = ADVANCED_FACE('',(#907),#926,.T.);
#907 = FACE_BOUND('',#908,.T.);
#908 = EDGE_LOOP('',(#909,#910,#918,#925));
#909 = ORIENTED_EDGE('',*,*,#858,.T.);
#910 = ORIENTED_EDGE('',*,*,#911,.T.);
#911 = EDGE_CURVE('',#859,#912,#914,.T.);
#912 = VERTEX_POINT('',#913);
#913 = CARTESIAN_POINT('',(24.152872911617,30.,27.));
#914 = LINE('',#915,#916);
#915 = CARTESIAN_POINT('',(24.152872911617,30.,0.));
#916 = VECTOR('',#917,1.);
#917 = DIRECTION('',(0.,0.,1.));
#918 = ORIENTED_EDGE('',*,*,#919,.F.);
#919 = EDGE_CURVE('',#467,#912,#920,.T.);
#920 = CIRCLE('',#921,1.);
#921 = AXIS2_PLACEMENT_3D('',#922,#923,#924);
#922 = CARTESIAN_POINT('',(24.152872911617,29.,27.));
#923 = DIRECTION('',(0.,-0.,1.));
#924 = DIRECTION('',(0.986393923832,0.164398987305,0.));
#925 = ORIENTED_EDGE('',*,*,#480,.F.);
#926 = CYLINDRICAL_SURFACE('',#927,1.);
#927 = AXIS2_PLACEMENT_3D('',#928,#929,#930);
#928 = CARTESIAN_POINT('',(24.152872911617,29.,0.));
#929 = DIRECTION('',(0.,0.,1.));
#930 = DIRECTION('',(0.986393923832,0.164398987305,0.));
#931 = ADVANCED_FACE('',(#932),#956,.T.);
#932 = FACE_BOUND('',#933,.T.);
#933 = EDGE_LOOP('',(#934,#935,#949,#955));
#934 = ORIENTED_EDGE('',*,*,#919,.T.);
#935 = ORIENTED_EDGE('',*,*,#936,.T.);
#936 = EDGE_CURVE('',#912,#937,#939,.T.);
#937 = VERTEX_POINT('',#938);
#938 = CARTESIAN_POINT('',(24.48620624495,27.,30.));
#939 = ( BOUNDED_CURVE() B_SPLINE_CURVE(8,(#940,#941,#942,#943,#944,#945
,#946,#947,#948),.UNSPECIFIED.,.F.,.F.) B_SPLINE_CURVE_WITH_KNOTS((9,9),
(27.,31.578197465034),.PIECEWISE_BEZIER_KNOTS.) CURVE() 
GEOMETRIC_REPRESENTATION_ITEM() RATIONAL_B_SPLINE_CURVE((1.,1.,1.,1.,1.,
1.,1.,1.,1.)) REPRESENTATION_ITEM('') );
#940 = CARTESIAN_POINT('',(24.152872911617,30.,27.));
#941 = CARTESIAN_POINT('',(24.152872911617,30.,27.595240799219));
#942 = CARTESIAN_POINT('',(24.167898959389,29.864975037447,
    28.198786318129));
#943 = CARTESIAN_POINT('',(24.198622080919,29.588740146484,
    28.770334482373));
#944 = CARTESIAN_POINT('',(24.244428168838,29.179985338131,
    29.263000617915));
#945 = CARTESIAN_POINT('',(24.299636840814,28.679910426357,
    29.630174163294));
#946 = CARTESIAN_POINT('',(24.359631776949,28.139182915306,
    29.874970068018));
#947 = CARTESIAN_POINT('',(24.422562591294,27.572793039009,30.));
#948 = CARTESIAN_POINT('',(24.48620624495,27.,30.));
#949 = ORIENTED_EDGE('',*,*,#950,.F.);
#950 = EDGE_CURVE('',#459,#937,#951,.T.);
#951 = ( BOUNDED_CURVE() B_SPLINE_CURVE(2,(#952,#953,#954),
.UNSPECIFIED.,.F.,.F.) B_SPLINE_CURVE_WITH_KNOTS((3,3),(0.,
4.578197465034),.PIECEWISE_BEZIER_KNOTS.) CURVE() 
GEOMETRIC_REPRESENTATION_ITEM() RATIONAL_B_SPLINE_CURVE((1.,
0.707106781187,1.)) REPRESENTATION_ITEM('') );
#952 = CARTESIAN_POINT('',(25.472771813814,27.163369117116,
    29.000000545047));
#953 = CARTESIAN_POINT('',(25.472600168782,27.164398987305,30.));
#954 = CARTESIAN_POINT('',(24.48620624495,27.,30.));
#955 = ORIENTED_EDGE('',*,*,#466,.F.);
#956 = ( BOUNDED_SURFACE() B_SPLINE_SURFACE(2,8,(
    (#957,#958,#959,#960,#961,#962,#963,#964,#965)
    ,(#966,#967,#968,#969,#970,#971,#972,#973,#974)
    ,(#975,#976,#977,#978,#979,#980,#981,#982,#983
)),.UNSPECIFIED.,.F.,.F.,.F.) B_SPLINE_SURFACE_WITH_KNOTS((3,3),(9,9),(
    0.,4.578197465034),(27.,31.578197465034),.PIECEWISE_BEZIER_KNOTS.) 
GEOMETRIC_REPRESENTATION_ITEM() RATIONAL_B_SPLINE_SURFACE((
    (1.,1.,1.,1.,1.,1.,1.,1.,1.)
    ,(0.763019982473,0.763019982473,0.760603824519,0.755650096632
      ,0.748403949113,0.739112213642,0.728978600423,0.718204426948
      ,0.707106781187)
,(1.,1.,1.,1.,1.,1.,1.,1.,1.))) REPRESENTATION_ITEM('') SURFACE() );
#957 = CARTESIAN_POINT('',(25.139266835449,29.164398987305,27.));
#958 = CARTESIAN_POINT('',(25.139266835449,29.164398987305,
    27.405745350997));
#959 = CARTESIAN_POINT('',(25.154928382657,29.070429704059,
    27.825907275118));
#960 = CARTESIAN_POINT('',(25.188073920033,28.871556479804,
    28.225787721104));
#961 = CARTESIAN_POINT('',(25.23750583968,28.574964961921,
    28.561542912736));
#962 = CARTESIAN_POINT('',(25.296064170281,28.223614978314,
    28.788800605941));
#963 = CARTESIAN_POINT('',(25.354405973365,27.87356415981,
    28.928368501701));
#964 = CARTESIAN_POINT('',(25.413199029431,27.520805823413,
    29.00022303298));
#965 = CARTESIAN_POINT('',(25.472771813814,27.163369117116,
    29.000000545047));
#966 = CARTESIAN_POINT('',(25.,30.,27.));
#967 = CARTESIAN_POINT('',(25.,30.,27.568486344666));
#968 = CARTESIAN_POINT('',(25.020558383843,29.876649696942,
    28.149750230826));
#969 = CARTESIAN_POINT('',(25.063092651337,29.62144409198,
    28.706979786717));
#970 = CARTESIAN_POINT('',(25.127070536934,29.237576778398,
    29.192548785496));
#971 = CARTESIAN_POINT('',(25.204680651923,28.771916088464,
    29.559716734044));
#972 = CARTESIAN_POINT('',(25.289239409311,28.264563544133,
    29.819332015502));
#973 = CARTESIAN_POINT('',(25.379461853905,27.723228876571,
    29.969096153418));
#974 = CARTESIAN_POINT('',(25.472600168782,27.164398987305,30.));
#975 = CARTESIAN_POINT('',(24.152872911617,30.,27.));
#976 = CARTESIAN_POINT('',(24.152872911617,30.,27.595240799219));
#977 = CARTESIAN_POINT('',(24.167898959389,29.864975037447,
    28.198786318129));
#978 = CARTESIAN_POINT('',(24.198622080919,29.588740146484,
    28.770334482373));
#979 = CARTESIAN_POINT('',(24.244428168838,29.179985338131,
    29.263000617915));
#980 = CARTESIAN_POINT('',(24.299636840814,28.679910426357,
    29.630174163294));
#981 = CARTESIAN_POINT('',(24.359631776949,28.139182915306,
    29.874970068018));
#982 = CARTESIAN_POINT('',(24.422562591294,27.572793039009,30.));
#983 = CARTESIAN_POINT('',(24.48620624495,27.,30.));
#984 = ADVANCED_FACE('',(#985),#1004,.T.);
#985 = FACE_BOUND('',#986,.T.);
#986 = EDGE_LOOP('',(#987,#988,#996,#1003));
#987 = ORIENTED_EDGE('',*,*,#950,.T.);
#988 = ORIENTED_EDGE('',*,*,#989,.T.);
#989 = EDGE_CURVE('',#937,#990,#992,.T.);
#990 = VERTEX_POINT('',#991);
#991 = CARTESIAN_POINT('',(24.852442602103,24.802581857083,30.));
#992 = LINE('',#993,#994);
#993 = CARTESIAN_POINT('',(24.513606076168,26.835601012695,30.));
#994 = VECTOR('',#995,1.);
#995 = DIRECTION('',(0.164398987305,-0.986393923832,0.));
#996 = ORIENTED_EDGE('',*,*,#997,.F.);
#997 = EDGE_CURVE('',#440,#990,#998,.T.);
#998 = CIRCLE('',#999,1.);
#999 = AXIS2_PLACEMENT_3D('',#1000,#1001,#1002);
#1000 = CARTESIAN_POINT('',(24.852442602103,24.802581857083,29.));
#1001 = DIRECTION('',(0.164398987305,-0.986393923832,0.));
#1002 = DIRECTION('',(0.986393923832,0.164398987305,0.));
#1003 = ORIENTED_EDGE('',*,*,#458,.F.);
#1004 = CYLINDRICAL_SURFACE('',#1005,1.);
#1005 = AXIS2_PLACEMENT_3D('',#1006,#1007,#1008);
#1006 = CARTESIAN_POINT('',(24.513606076168,26.835601012695,29.));
#1007 = DIRECTION('',(0.164398987305,-0.986393923832,0.));
#1008 = DIRECTION('',(0.986393923832,0.164398987305,0.));
#1009 = ADVANCED_FACE('',(#1010),#1039,.T.);
#1010 = FACE_BOUND('',#1011,.T.);
#1011 = EDGE_LOOP('',(#1012,#1013,#1032,#1038));
#1012 = ORIENTED_EDGE('',*,*,#997,.T.);
#1013 = ORIENTED_EDGE('',*,*,#1014,.T.);
#1014 = EDGE_CURVE('',#990,#1015,#1017,.T.);
#1015 = VERTEX_POINT('',#1016);
#1016 = CARTESIAN_POINT('',(25.146758466389,22.153739078506,
    28.408414688358));
#1017 = ( BOUNDED_CURVE() B_SPLINE_CURVE(7,(#1018,#1019,#1020,#1021,
    #1022,#1023,#1024,#1025,#1026,#1027,#1028,#1029,#1030,#1031),
.UNSPECIFIED.,.F.,.F.) B_SPLINE_CURVE_WITH_KNOTS((8,6,8),(
    33.806007528665,33.972039888935,37.159423145616),.UNSPECIFIED.) 
CURVE() GEOMETRIC_REPRESENTATION_ITEM() RATIONAL_B_SPLINE_CURVE((1.,1.,
1.,1.,1.,1.,1.,1.,1.,1.,1.,1.,1.,1.)) REPRESENTATION_ITEM('') );
#1018 = CARTESIAN_POINT('',(24.852442602103,24.802581857083,30.));
#1019 = CARTESIAN_POINT('',(24.855075832636,24.778882782289,30.));
#1020 = CARTESIAN_POINT('',(24.857710310582,24.755171474673,
    29.999781442302));
#1021 = CARTESIAN_POINT('',(24.860345267757,24.731458492205,
    29.999344939176));
#1022 = CARTESIAN_POINT('',(24.862981333617,24.707708587023,
    29.998686890704));
#1023 = CARTESIAN_POINT('',(24.86561618256,24.683998359434,
    29.997813174347));
#1024 = CARTESIAN_POINT('',(24.868251709156,24.660203512526,
    29.996713688943));
#1025 = CARTESIAN_POINT('',(24.921446681196,24.181055033666,
    29.970143812296));
#1026 = CARTESIAN_POINT('',(24.971461390636,23.730219603133,
    29.86401316141));
#1027 = CARTESIAN_POINT('',(25.018372270258,23.307572329841,
    29.679122402886));
#1028 = CARTESIAN_POINT('',(25.060197864312,22.930341171919,
    29.425225259966));
#1029 = CARTESIAN_POINT('',(25.095649525624,22.612721419515,
    29.122824379776));
#1030 = CARTESIAN_POINT('',(25.124667180189,22.352560654314,
    28.782343687861));
#1031 = CARTESIAN_POINT('',(25.146758466389,22.153739078506,
    28.408414688358));
#1032 = ORIENTED_EDGE('',*,*,#1033,.F.);
#1033 = EDGE_CURVE('',#432,#1015,#1034,.T.);
#1034 = ( BOUNDED_CURVE() B_SPLINE_CURVE(2,(#1035,#1036,#1037),
.UNSPECIFIED.,.F.,.F.) B_SPLINE_CURVE_WITH_KNOTS((3,3),(0.,
3.353415616951),.PIECEWISE_BEZIER_KNOTS.) CURVE() 
GEOMETRIC_REPRESENTATION_ITEM() RATIONAL_B_SPLINE_CURVE((1.,
0.65377530922,1.)) REPRESENTATION_ITEM('') );
#1035 = CARTESIAN_POINT('',(26.133152390222,23.20108565867,
    27.938943125572));
#1036 = CARTESIAN_POINT('',(26.300645685875,22.196125884751,
    28.488132676645));
#1037 = CARTESIAN_POINT('',(25.146758466389,22.153739078506,
    28.408414688358));
#1038 = ORIENTED_EDGE('',*,*,#439,.F.);
#1039 = ( BOUNDED_SURFACE() B_SPLINE_SURFACE(2,7,(
    (#1040,#1041,#1042,#1043,#1044,#1045,#1046,#1047,#1048,#1049,#1050
      ,#1051,#1052,#1053)
    ,(#1054,#1055,#1056,#1057,#1058,#1059,#1060,#1061,#1062,#1063,#1064
      ,#1065,#1066,#1067)
    ,(#1068,#1069,#1070,#1071,#1072,#1073,#1074,#1075,#1076,#1077,#1078
      ,#1079,#1080,#1081
)),.UNSPECIFIED.,.F.,.F.,.F.) B_SPLINE_SURFACE_WITH_KNOTS((3,3),(8,6,8),
  (0.,3.353415616951),(33.806007528665,33.972039888935,37.159423145616),
.UNSPECIFIED.) GEOMETRIC_REPRESENTATION_ITEM() RATIONAL_B_SPLINE_SURFACE
((
    (1.,1.,1.,1.,1.,1.,1.,1.,1.,1.,1.,1.,1.,1.)
    ,(0.707106781187,0.706647620939,0.706187836274,0.705727775481
      ,0.705265593903,0.704804957507,0.704339257491,0.694998017302
      ,0.686064890877,0.677558518601,0.669821945894,0.663320322339
      ,0.657941631764,0.65377530922)
,(1.,1.,1.,1.,1.,1.,1.,1.,1.,1.,1.,1.,1.,1.
))) REPRESENTATION_ITEM('') SURFACE() );
#1040 = CARTESIAN_POINT('',(25.838836525935,24.966980844388,29.));
#1041 = CARTESIAN_POINT('',(25.842785240979,24.943288554128,29.));
#1042 = CARTESIAN_POINT('',(25.846743732042,24.919537607747,
    28.999776922389));
#1043 = CARTESIAN_POINT('',(25.85064603053,24.896123816819,
    28.999373967476));
#1044 = CARTESIAN_POINT('',(25.854735259898,24.871588440615,
    28.998662231735));
#1045 = CARTESIAN_POINT('',(25.858369450812,24.84978329513,
    28.997865317281));
#1046 = CARTESIAN_POINT('',(25.863222664809,24.820664011144,
    28.996731876493));
#1047 = CARTESIAN_POINT('',(25.918646111161,24.488123333035,
    28.970668158987));
#1048 = CARTESIAN_POINT('',(25.968499129599,24.189005222404,
    28.887810855629));
#1049 = CARTESIAN_POINT('',(26.015362758296,23.907823450221,
    28.755389618255));
#1050 = CARTESIAN_POINT('',(26.055334080488,23.667995517071,
    28.575483502865));
#1051 = CARTESIAN_POINT('',(26.087279353571,23.476323878572,
    28.37699741521));
#1052 = CARTESIAN_POINT('',(26.113063504859,23.321618970848,
    28.16563331574));
#1053 = CARTESIAN_POINT('',(26.133152390222,23.20108565867,
    27.938943125572));
#1054 = CARTESIAN_POINT('',(25.838836525935,24.966980844388,30.));
#1055 = CARTESIAN_POINT('',(25.842753330918,24.943480014494,
    30.001299545159));
#1056 = CARTESIAN_POINT('',(25.846670949504,24.919974302975,
    30.002384760236));
#1057 = CARTESIAN_POINT('',(25.850589533736,24.896462797586,
    30.003255015307));
#1058 = CARTESIAN_POINT('',(25.854508308767,24.8729501474,
    30.003913392225));
#1059 = CARTESIAN_POINT('',(25.85842971569,24.849421705857,
    30.004353342844));
#1060 = CARTESIAN_POINT('',(25.86234634935,24.8259219039,30.004586215051
    ));
#1061 = CARTESIAN_POINT('',(25.94267118835,24.3439728699,30.004799495016
    ));
#1062 = CARTESIAN_POINT('',(26.019399295012,23.883604229926,
    29.923145512254));
#1063 = CARTESIAN_POINT('',(26.092516310918,23.444902134492,
    29.758830508314));
#1064 = CARTESIAN_POINT('',(26.158812448747,23.047125307518,
    29.520318247711));
#1065 = CARTESIAN_POINT('',(26.216039511335,22.703762931993,
    29.223603788994));
#1066 = CARTESIAN_POINT('',(26.263742771742,22.417543369546,
    28.877581861471));
#1067 = CARTESIAN_POINT('',(26.300645685875,22.196125884751,
    28.488132676645));
#1068 = CARTESIAN_POINT('',(24.852442602103,24.802581857083,30.));
#1069 = CARTESIAN_POINT('',(24.855075832636,24.778882782289,30.));
#1070 = CARTESIAN_POINT('',(24.857710310582,24.755171474673,
    29.999781442302));
#1071 = CARTESIAN_POINT('',(24.860345267757,24.731458492205,
    29.999344939176));
#1072 = CARTESIAN_POINT('',(24.862981333617,24.707708587023,
    29.998686890704));
#1073 = CARTESIAN_POINT('',(24.86561618256,24.683998359434,
    29.997813174347));
#1074 = CARTESIAN_POINT('',(24.868251709156,24.660203512526,
    29.996713688943));
#1075 = CARTESIAN_POINT('',(24.921446681196,24.181055033666,
    29.970143812296));
#1076 = CARTESIAN_POINT('',(24.971461390636,23.730219603133,
    29.86401316141));
#1077 = CARTESIAN_POINT('',(25.018372270258,23.307572329841,
    29.679122402886));
#1078 = CARTESIAN_POINT('',(25.060197864312,22.930341171919,
    29.425225259966));
#1079 = CARTESIAN_POINT('',(25.095649525624,22.612721419515,
    29.122824379776));
#1080 = CARTESIAN_POINT('',(25.124667180189,22.352560654314,
    28.782343687861));
#1081 = CARTESIAN_POINT('',(25.146758466389,22.153739078506,
    28.408414688358));
#1082 = ADVANCED_FACE('',(#1083),#1100,.T.);
#1083 = FACE_BOUND('',#1084,.T.);
#1084 = EDGE_LOOP('',(#1085,#1086,#1092,#1099));
#1085 = ORIENTED_EDGE('',*,*,#1033,.T.);
#1086 = ORIENTED_EDGE('',*,*,#1087,.T.);
#1087 = EDGE_CURVE('',#1015,#804,#1088,.T.);
#1088 = LINE('',#1089,#1090);
#1089 = CARTESIAN_POINT('',(25.153822934097,22.111352272261,
    28.328696700071));
#1090 = VECTOR('',#1091,1.);
#1091 = DIRECTION('',(7.80068334104E-02,-0.468041000462,-0.880257096437)
  );
#1092 = ORIENTED_EDGE('',*,*,#1093,.F.);
#1093 = EDGE_CURVE('',#424,#804,#1094,.T.);
#1094 = CIRCLE('',#1095,1.);
#1095 = AXIS2_PLACEMENT_3D('',#1096,#1097,#1098);
#1096 = CARTESIAN_POINT('',(26.319539578284,16.,14.704860274386));
#1097 = DIRECTION('',(7.80068334104E-02,-0.468041000462,-0.880257096437)
  );
#1098 = DIRECTION('',(0.986393923832,0.164398987305,0.));
#1099 = ORIENTED_EDGE('',*,*,#431,.F.);
#1100 = CYLINDRICAL_SURFACE('',#1101,1.);
#1101 = AXIS2_PLACEMENT_3D('',#1102,#1103,#1104);
#1102 = CARTESIAN_POINT('',(25.153822934097,22.99429986512,
    27.859225137285));
#1103 = DIRECTION('',(7.80068334104E-02,-0.468041000462,-0.880257096437)
  );
#1104 = DIRECTION('',(0.986393923832,0.164398987305,0.));
#1105 = ADVANCED_FACE('',(#1106),#1112,.T.);
#1106 = FACE_BOUND('',#1107,.T.);
#1107 = EDGE_LOOP('',(#1108,#1109,#1110,#1111));
#1108 = ORIENTED_EDGE('',*,*,#667,.T.);
#1109 = ORIENTED_EDGE('',*,*,#565,.T.);
#1110 = ORIENTED_EDGE('',*,*,#883,.F.);
#1111 = ORIENTED_EDGE('',*,*,#743,.F.);
#1112 = CYLINDRICAL_SURFACE('',#1113,1.);
#1113 = AXIS2_PLACEMENT_3D('',#1114,#1115,#1116);
#1114 = CARTESIAN_POINT('',(1.180460421716,1.,10.));
#1115 = DIRECTION('',(-0.,-0.,-1.));
#1116 = DIRECTION('',(0.,-1.,0.));
#1117 = ADVANCED_FACE('',(#1118),#1137,.T.);
#1118 = FACE_BOUND('',#1119,.T.);
#1119 = EDGE_LOOP('',(#1120,#1121,#1122,#1131));
#1120 = ORIENTED_EDGE('',*,*,#875,.T.);
#1121 = ORIENTED_EDGE('',*,*,#651,.T.);
#1122 = ORIENTED_EDGE('',*,*,#1123,.F.);
#1123 = EDGE_CURVE('',#1124,#638,#1126,.T.);
#1124 = VERTEX_POINT('',#1125);
#1125 = CARTESIAN_POINT('',(5.847127088383,30.,27.));
#1126 = CIRCLE('',#1127,1.);
#1127 = AXIS2_PLACEMENT_3D('',#1128,#1129,#1130);
#1128 = CARTESIAN_POINT('',(5.847127088383,29.,27.));
#1129 = DIRECTION('',(0.,-0.,1.));
#1130 = DIRECTION('',(0.,1.,0.));
#1131 = ORIENTED_EDGE('',*,*,#1132,.F.);
#1132 = EDGE_CURVE('',#868,#1124,#1133,.T.);
#1133 = LINE('',#1134,#1135);
#1134 = CARTESIAN_POINT('',(5.847127088383,30.,0.));
#1135 = VECTOR('',#1136,1.);
#1136 = DIRECTION('',(0.,0.,1.));
#1137 = CYLINDRICAL_SURFACE('',#1138,1.);
#1138 = AXIS2_PLACEMENT_3D('',#1139,#1140,#1141);
#1139 = CARTESIAN_POINT('',(5.847127088383,29.,0.));
#1140 = DIRECTION('',(0.,0.,1.));
#1141 = DIRECTION('',(0.,1.,0.));
#1142 = ADVANCED_FACE('',(#1143),#1167,.T.);
#1143 = FACE_BOUND('',#1144,.T.);
#1144 = EDGE_LOOP('',(#1145,#1146,#1147,#1155));
#1145 = ORIENTED_EDGE('',*,*,#1123,.T.);
#1146 = ORIENTED_EDGE('',*,*,#637,.T.);
#1147 = ORIENTED_EDGE('',*,*,#1148,.F.);
#1148 = EDGE_CURVE('',#1149,#630,#1151,.T.);
#1149 = VERTEX_POINT('',#1150);
#1150 = CARTESIAN_POINT('',(5.51379375505,27.,30.));
#1151 = ( BOUNDED_CURVE() B_SPLINE_CURVE(2,(#1152,#1153,#1154),
.UNSPECIFIED.,.F.,.F.) B_SPLINE_CURVE_WITH_KNOTS((3,3),(0.,
4.578197465034),.PIECEWISE_BEZIER_KNOTS.) CURVE() 
GEOMETRIC_REPRESENTATION_ITEM() RATIONAL_B_SPLINE_CURVE((1.,
0.707106781187,1.)) REPRESENTATION_ITEM('') );
#1152 = CARTESIAN_POINT('',(5.51379375505,27.,30.));
#1153 = CARTESIAN_POINT('',(4.527399831218,27.164398987305,30.));
#1154 = CARTESIAN_POINT('',(4.527228186186,27.163369117116,
    29.000000545047));
#1155 = ORIENTED_EDGE('',*,*,#1156,.F.);
#1156 = EDGE_CURVE('',#1124,#1149,#1157,.T.);
#1157 = ( BOUNDED_CURVE() B_SPLINE_CURVE(8,(#1158,#1159,#1160,#1161,
    #1162,#1163,#1164,#1165,#1166),.UNSPECIFIED.,.F.,.F.) 
B_SPLINE_CURVE_WITH_KNOTS((9,9),(27.,31.578197465034),
.PIECEWISE_BEZIER_KNOTS.) CURVE() GEOMETRIC_REPRESENTATION_ITEM() 
RATIONAL_B_SPLINE_CURVE((1.,1.,1.,1.,1.,1.,1.,1.,1.)) 
REPRESENTATION_ITEM('') );
#1158 = CARTESIAN_POINT('',(5.847127088383,30.,27.));
#1159 = CARTESIAN_POINT('',(5.847127088383,30.,27.595240799219));
#1160 = CARTESIAN_POINT('',(5.832101040611,29.864975037447,
    28.198786318129));
#1161 = CARTESIAN_POINT('',(5.801377919081,29.588740146484,
    28.770334482373));
#1162 = CARTESIAN_POINT('',(5.755571831163,29.17998533813,
    29.263000617915));
#1163 = CARTESIAN_POINT('',(5.700363159186,28.679910426357,
    29.630174163294));
#1164 = CARTESIAN_POINT('',(5.640368223051,28.139182915306,
    29.874970068018));
#1165 = CARTESIAN_POINT('',(5.577437408706,27.572793039009,30.));
#1166 = CARTESIAN_POINT('',(5.51379375505,27.,30.));
#1167 = ( BOUNDED_SURFACE() B_SPLINE_SURFACE(2,8,(
    (#1168,#1169,#1170,#1171,#1172,#1173,#1174,#1175,#1176)
    ,(#1177,#1178,#1179,#1180,#1181,#1182,#1183,#1184,#1185)
    ,(#1186,#1187,#1188,#1189,#1190,#1191,#1192,#1193,#1194
)),.UNSPECIFIED.,.F.,.F.,.F.) B_SPLINE_SURFACE_WITH_KNOTS((3,3),(9,9),(
    0.,4.578197465034),(27.,31.578197465034),.PIECEWISE_BEZIER_KNOTS.) 
GEOMETRIC_REPRESENTATION_ITEM() RATIONAL_B_SPLINE_SURFACE((
    (1.,1.,1.,1.,1.,1.,1.,1.,1.)
    ,(0.763019982473,0.763019982473,0.760603824519,0.755650096632
      ,0.748403949113,0.739112213642,0.728978600423,0.718204426948
      ,0.707106781187)
,(1.,1.,1.,1.,1.,1.,1.,1.,1.))) REPRESENTATION_ITEM('') SURFACE() );
#1168 = CARTESIAN_POINT('',(5.847127088383,30.,27.));
#1169 = CARTESIAN_POINT('',(5.847127088383,30.,27.595240799219));
#1170 = CARTESIAN_POINT('',(5.832101040611,29.864975037447,
    28.198786318129));
#1171 = CARTESIAN_POINT('',(5.801377919081,29.588740146484,
    28.770334482373));
#1172 = CARTESIAN_POINT('',(5.755571831163,29.17998533813,
    29.263000617915));
#1173 = CARTESIAN_POINT('',(5.700363159186,28.679910426357,
    29.630174163294));
#1174 = CARTESIAN_POINT('',(5.640368223051,28.139182915306,
    29.874970068018));
#1175 = CARTESIAN_POINT('',(5.577437408706,27.572793039009,30.));
#1176 = CARTESIAN_POINT('',(5.51379375505,27.,30.));
#1177 = CARTESIAN_POINT('',(5.,30.,27.));
#1178 = CARTESIAN_POINT('',(5.,30.,27.568486344666));
#1179 = CARTESIAN_POINT('',(4.979441616157,29.876649696942,
    28.149750230826));
#1180 = CARTESIAN_POINT('',(4.936907348663,29.62144409198,
    28.706979786717));
#1181 = CARTESIAN_POINT('',(4.872929463066,29.237576778397,
    29.192548785495));
#1182 = CARTESIAN_POINT('',(4.795319348077,28.771916088464,
    29.559716734044));
#1183 = CARTESIAN_POINT('',(4.710760590689,28.264563544133,
    29.819332015502));
#1184 = CARTESIAN_POINT('',(4.620538146095,27.723228876571,
    29.969096153418));
#1185 = CARTESIAN_POINT('',(4.527399831218,27.164398987305,30.));
#1186 = CARTESIAN_POINT('',(4.860733164551,29.164398987305,27.));
#1187 = CARTESIAN_POINT('',(4.860733164551,29.164398987305,
    27.405745350997));
#1188 = CARTESIAN_POINT('',(4.845071617343,29.070429704059,
    27.825907275118));
#1189 = CARTESIAN_POINT('',(4.811926079967,28.871556479804,
    28.225787721104));
#1190 = CARTESIAN_POINT('',(4.76249416032,28.574964961921,
    28.561542912736));
#1191 = CARTESIAN_POINT('',(4.703935829719,28.223614978314,
    28.788800605941));
#1192 = CARTESIAN_POINT('',(4.645594026635,27.87356415981,
    28.928368501701));
#1193 = CARTESIAN_POINT('',(4.586800970569,27.520805823412,
    29.00022303298));
#1194 = CARTESIAN_POINT('',(4.527228186186,27.163369117116,
    29.000000545047));
#1195 = ADVANCED_FACE('',(#1196),#1215,.T.);
#1196 = FACE_BOUND('',#1197,.T.);
#1197 = EDGE_LOOP('',(#1198,#1199,#1200,#1209));
#1198 = ORIENTED_EDGE('',*,*,#1148,.T.);
#1199 = ORIENTED_EDGE('',*,*,#629,.T.);
#1200 = ORIENTED_EDGE('',*,*,#1201,.F.);
#1201 = EDGE_CURVE('',#1202,#611,#1204,.T.);
#1202 = VERTEX_POINT('',#1203);
#1203 = CARTESIAN_POINT('',(5.147557397897,24.802581857083,30.));
#1204 = CIRCLE('',#1205,1.);
#1205 = AXIS2_PLACEMENT_3D('',#1206,#1207,#1208);
#1206 = CARTESIAN_POINT('',(5.147557397897,24.802581857083,29.));
#1207 = DIRECTION('',(-0.164398987305,-0.986393923832,0.));
#1208 = DIRECTION('',(0.,0.,1.));
#1209 = ORIENTED_EDGE('',*,*,#1210,.F.);
#1210 = EDGE_CURVE('',#1149,#1202,#1211,.T.);
#1211 = LINE('',#1212,#1213);
#1212 = CARTESIAN_POINT('',(5.486393923832,26.835601012695,30.));
#1213 = VECTOR('',#1214,1.);
#1214 = DIRECTION('',(-0.164398987305,-0.986393923832,-0.));
#1215 = CYLINDRICAL_SURFACE('',#1216,1.);
#1216 = AXIS2_PLACEMENT_3D('',#1217,#1218,#1219);
#1217 = CARTESIAN_POINT('',(5.486393923832,26.835601012695,29.));
#1218 = DIRECTION('',(-0.164398987305,-0.986393923832,-0.));
#1219 = DIRECTION('',(0.,0.,1.));
#1220 = ADVANCED_FACE('',(#1221),#1250,.T.);
#1221 = FACE_BOUND('',#1222,.T.);
#1222 = EDGE_LOOP('',(#1223,#1224,#1225,#1233));
#1223 = ORIENTED_EDGE('',*,*,#1201,.T.);
#1224 = ORIENTED_EDGE('',*,*,#610,.T.);
#1225 = ORIENTED_EDGE('',*,*,#1226,.F.);
#1226 = EDGE_CURVE('',#1227,#603,#1229,.T.);
#1227 = VERTEX_POINT('',#1228);
#1228 = CARTESIAN_POINT('',(4.853241533611,22.153739078506,
    28.408414688358));
#1229 = ( BOUNDED_CURVE() B_SPLINE_CURVE(2,(#1230,#1231,#1232),
.UNSPECIFIED.,.F.,.F.) B_SPLINE_CURVE_WITH_KNOTS((3,3),(0.,
3.353415616951),.PIECEWISE_BEZIER_KNOTS.) CURVE() 
GEOMETRIC_REPRESENTATION_ITEM() RATIONAL_B_SPLINE_CURVE((1.,
0.65377530922,1.)) REPRESENTATION_ITEM('') );
#1230 = CARTESIAN_POINT('',(4.853241533611,22.153739078506,
    28.408414688358));
#1231 = CARTESIAN_POINT('',(3.699354314125,22.196125884751,
    28.488132676645));
#1232 = CARTESIAN_POINT('',(3.866847609778,23.20108565867,
    27.938943125572));
#1233 = ORIENTED_EDGE('',*,*,#1234,.F.);
#1234 = EDGE_CURVE('',#1202,#1227,#1235,.T.);
#1235 = ( BOUNDED_CURVE() B_SPLINE_CURVE(7,(#1236,#1237,#1238,#1239,
    #1240,#1241,#1242,#1243,#1244,#1245,#1246,#1247,#1248,#1249),
.UNSPECIFIED.,.F.,.F.) B_SPLINE_CURVE_WITH_KNOTS((8,6,8),(
    33.806007528665,33.972039888935,37.159423145616),.UNSPECIFIED.) 
CURVE() GEOMETRIC_REPRESENTATION_ITEM() RATIONAL_B_SPLINE_CURVE((1.,1.,
1.,1.,1.,1.,1.,1.,1.,1.,1.,1.,1.,1.)) REPRESENTATION_ITEM('') );
#1236 = CARTESIAN_POINT('',(5.147557397897,24.802581857083,30.));
#1237 = CARTESIAN_POINT('',(5.144924167364,24.778882782289,30.));
#1238 = CARTESIAN_POINT('',(5.142289689419,24.755171474674,
    29.999781442302));
#1239 = CARTESIAN_POINT('',(5.139654732243,24.731458492205,
    29.999344939176));
#1240 = CARTESIAN_POINT('',(5.137018666383,24.707708587023,
    29.998686890704));
#1241 = CARTESIAN_POINT('',(5.13438381744,24.683998359434,
    29.997813174347));
#1242 = CARTESIAN_POINT('',(5.131748290845,24.660203512527,
    29.996713688944));
#1243 = CARTESIAN_POINT('',(5.078553318804,24.181055033661,
    29.970143812296));
#1244 = CARTESIAN_POINT('',(5.028538609364,23.730219603146,
    29.864013161407));
#1245 = CARTESIAN_POINT('',(4.981627729742,23.307572329832,
    29.679122402899));
#1246 = CARTESIAN_POINT('',(4.939802135687,22.930341171919,
    29.425225259946));
#1247 = CARTESIAN_POINT('',(4.904350474377,22.612721419521,
    29.122824379794));
#1248 = CARTESIAN_POINT('',(4.875332819811,22.352560654309,
    28.782343687852));
#1249 = CARTESIAN_POINT('',(4.853241533611,22.153739078506,
    28.408414688358));
#1250 = ( BOUNDED_SURFACE() B_SPLINE_SURFACE(2,7,(
    (#1251,#1252,#1253,#1254,#1255,#1256,#1257,#1258,#1259,#1260,#1261
      ,#1262,#1263,#1264)
    ,(#1265,#1266,#1267,#1268,#1269,#1270,#1271,#1272,#1273,#1274,#1275
      ,#1276,#1277,#1278)
    ,(#1279,#1280,#1281,#1282,#1283,#1284,#1285,#1286,#1287,#1288,#1289
      ,#1290,#1291,#1292
)),.UNSPECIFIED.,.F.,.F.,.F.) B_SPLINE_SURFACE_WITH_KNOTS((3,3),(8,6,8),
  (0.,3.353415616951),(33.806007528665,33.972039888935,37.159423145616),
.UNSPECIFIED.) GEOMETRIC_REPRESENTATION_ITEM() RATIONAL_B_SPLINE_SURFACE
((
    (1.,1.,1.,1.,1.,1.,1.,1.,1.,1.,1.,1.,1.,1.)
    ,(0.707106781187,0.706647620939,0.706187836274,0.705727775481
      ,0.705265593903,0.704804957507,0.704339257492,0.694998017302
      ,0.686064890877,0.6775585186,0.669821945894,0.663320322339
      ,0.657941631764,0.65377530922)
,(1.,1.,1.,1.,1.,1.,1.,1.,1.,1.,1.,1.,1.,1.
))) REPRESENTATION_ITEM('') SURFACE() );
#1251 = CARTESIAN_POINT('',(5.147557397897,24.802581857083,30.));
#1252 = CARTESIAN_POINT('',(5.144924167364,24.778882782289,30.));
#1253 = CARTESIAN_POINT('',(5.142289689419,24.755171474674,
    29.999781442302));
#1254 = CARTESIAN_POINT('',(5.139654732243,24.731458492205,
    29.999344939176));
#1255 = CARTESIAN_POINT('',(5.137018666383,24.707708587023,
    29.998686890704));
#1256 = CARTESIAN_POINT('',(5.13438381744,24.683998359434,
    29.997813174347));
#1257 = CARTESIAN_POINT('',(5.131748290845,24.660203512527,
    29.996713688944));
#1258 = CARTESIAN_POINT('',(5.078553318804,24.181055033661,
    29.970143812296));
#1259 = CARTESIAN_POINT('',(5.028538609364,23.730219603146,
    29.864013161407));
#1260 = CARTESIAN_POINT('',(4.981627729742,23.307572329832,
    29.679122402899));
#1261 = CARTESIAN_POINT('',(4.939802135687,22.930341171919,
    29.425225259946));
#1262 = CARTESIAN_POINT('',(4.904350474377,22.612721419521,
    29.122824379794));
#1263 = CARTESIAN_POINT('',(4.875332819811,22.352560654309,
    28.782343687852));
#1264 = CARTESIAN_POINT('',(4.853241533611,22.153739078506,
    28.408414688358));
#1265 = CARTESIAN_POINT('',(4.161163474065,24.966980844388,30.));
#1266 = CARTESIAN_POINT('',(4.157246669082,24.943480014494,
    30.001299545159));
#1267 = CARTESIAN_POINT('',(4.153329050496,24.919974302975,
    30.002384760236));
#1268 = CARTESIAN_POINT('',(4.149410466264,24.896462797586,
    30.003255015307));
#1269 = CARTESIAN_POINT('',(4.145491691233,24.8729501474,30.003913392225
    ));
#1270 = CARTESIAN_POINT('',(4.14157028431,24.849421705857,
    30.004353342844));
#1271 = CARTESIAN_POINT('',(4.13765365065,24.8259219039,30.004586215051)
  );
#1272 = CARTESIAN_POINT('',(4.05732881165,24.3439728699,30.004799495016)
  );
#1273 = CARTESIAN_POINT('',(3.980600704988,23.883604229927,
    29.923145512253));
#1274 = CARTESIAN_POINT('',(3.907483689082,23.444902134491,
    29.758830508314));
#1275 = CARTESIAN_POINT('',(3.841187551253,23.047125307519,
    29.520318247711));
#1276 = CARTESIAN_POINT('',(3.783960488666,22.703762931993,
    29.223603788994));
#1277 = CARTESIAN_POINT('',(3.736257228258,22.417543369545,
    28.877581861471));
#1278 = CARTESIAN_POINT('',(3.699354314125,22.196125884751,
    28.488132676645));
#1279 = CARTESIAN_POINT('',(4.161163474065,24.966980844388,29.));
#1280 = CARTESIAN_POINT('',(4.157214759021,24.943288554128,29.));
#1281 = CARTESIAN_POINT('',(4.153256267958,24.919537607747,
    28.999776922389));
#1282 = CARTESIAN_POINT('',(4.14935396947,24.896123816819,
    28.999373967476));
#1283 = CARTESIAN_POINT('',(4.145264740103,24.871588440615,
    28.998662231735));
#1284 = CARTESIAN_POINT('',(4.141630549188,24.84978329513,
    28.997865317281));
#1285 = CARTESIAN_POINT('',(4.136777335191,24.820664011144,
    28.996731876494));
#1286 = CARTESIAN_POINT('',(4.081353888839,24.488123333035,
    28.970668158987));
#1287 = CARTESIAN_POINT('',(4.031500870401,24.189005222403,
    28.887810855629));
#1288 = CARTESIAN_POINT('',(3.984637241704,23.907823450222,
    28.755389618256));
#1289 = CARTESIAN_POINT('',(3.944665919512,23.667995517069,
    28.575483502862));
#1290 = CARTESIAN_POINT('',(3.912720646429,23.476323878573,
    28.376997415213));
#1291 = CARTESIAN_POINT('',(3.886936495141,23.321618970847,
    28.165633315739));
#1292 = CARTESIAN_POINT('',(3.866847609778,23.20108565867,
    27.938943125572));
#1293 = ADVANCED_FACE('',(#1294),#1311,.T.);
#1294 = FACE_BOUND('',#1295,.T.);
#1295 = EDGE_LOOP('',(#1296,#1297,#1298,#1305));
#1296 = ORIENTED_EDGE('',*,*,#1226,.T.);
#1297 = ORIENTED_EDGE('',*,*,#602,.T.);
#1298 = ORIENTED_EDGE('',*,*,#1299,.F.);
#1299 = EDGE_CURVE('',#820,#595,#1300,.T.);
#1300 = CIRCLE('',#1301,1.);
#1301 = AXIS2_PLACEMENT_3D('',#1302,#1303,#1304);
#1302 = CARTESIAN_POINT('',(3.680460421716,16.,14.704860274386));
#1303 = DIRECTION('',(-7.80068334104E-02,-0.468041000462,-0.880257096437
    ));
#1304 = DIRECTION('',(-1.249000902703E-16,-0.882947592859,0.469471562786
    ));
#1305 = ORIENTED_EDGE('',*,*,#1306,.F.);
#1306 = EDGE_CURVE('',#1227,#820,#1307,.T.);
#1307 = LINE('',#1308,#1309);
#1308 = CARTESIAN_POINT('',(4.846177065903,22.111352272261,
    28.328696700071));
#1309 = VECTOR('',#1310,1.);
#1310 = DIRECTION('',(-7.80068334104E-02,-0.468041000462,-0.880257096437
    ));
#1311 = CYLINDRICAL_SURFACE('',#1312,1.);
#1312 = AXIS2_PLACEMENT_3D('',#1313,#1314,#1315);
#1313 = CARTESIAN_POINT('',(4.846177065903,22.99429986512,
    27.859225137285));
#1314 = DIRECTION('',(-7.80068334104E-02,-0.468041000462,-0.880257096437
    ));
#1315 = DIRECTION('',(-1.179611963664E-16,-0.882947592859,0.469471562786
    ));
#1316 = ADVANCED_FACE('',(#1317),#1322,.F.);
#1317 = FACE_BOUND('',#1318,.F.);
#1318 = EDGE_LOOP('',(#1319,#1320,#1321));
#1319 = ORIENTED_EDGE('',*,*,#1093,.F.);
#1320 = ORIENTED_EDGE('',*,*,#757,.T.);
#1321 = ORIENTED_EDGE('',*,*,#803,.F.);
#1322 = B_SPLINE_SURFACE_WITH_KNOTS('',10,8,(
    (#1323,#1324,#1325,#1326,#1327,#1328,#1329,#1330,#1331)
    ,(#1332,#1333,#1334,#1335,#1336,#1337,#1338,#1339,#1340)
    ,(#1341,#1342,#1343,#1344,#1345,#1346,#1347,#1348,#1349)
    ,(#1350,#1351,#1352,#1353,#1354,#1355,#1356,#1357,#1358)
    ,(#1359,#1360,#1361,#1362,#1363,#1364,#1365,#1366,#1367)
    ,(#1368,#1369,#1370,#1371,#1372,#1373,#1374,#1375,#1376)
    ,(#1377,#1378,#1379,#1380,#1381,#1382,#1383,#1384,#1385)
    ,(#1386,#1387,#1388,#1389,#1390,#1391,#1392,#1393,#1394)
    ,(#1395,#1396,#1397,#1398,#1399,#1400,#1401,#1402,#1403)
    ,(#1404,#1405,#1406,#1407,#1408,#1409,#1410,#1411,#1412)
    ,(#1413,#1414,#1415,#1416,#1417,#1418,#1419,#1420,#1421
  )),.UNSPECIFIED.,.F.,.F.,.F.,(11,11),(9,9),(0.,1.),(0.,1.),
  .PIECEWISE_BEZIER_KNOTS.);
#1323 = CARTESIAN_POINT('',(27.305933502116,16.164398987305,
    14.704860274386));
#1324 = CARTESIAN_POINT('',(27.336982962489,15.978102225067,
    14.806667568444));
#1325 = CARTESIAN_POINT('',(27.316136405893,15.783156012176,
    14.908474923378));
#1326 = CARTESIAN_POINT('',(27.241216608039,15.592629953137,
    15.003140165424));
#1327 = CARTESIAN_POINT('',(27.115138820505,15.420437705195,
    15.083523616255));
#1328 = CARTESIAN_POINT('',(26.946247339612,15.279433524129,
    15.143530003678));
#1329 = CARTESIAN_POINT('',(26.747348775878,15.179221047917,
    15.17918788207));
#1330 = CARTESIAN_POINT('',(26.533444113129,15.124909960219,
    15.189109745199));
#1331 = CARTESIAN_POINT('',(26.319539578284,15.117052407141,
    15.174331837172));
#1332 = CARTESIAN_POINT('',(27.305933502116,16.164398987305,
    14.704860274386));
#1333 = CARTESIAN_POINT('',(27.337672947838,15.973962312973,
    14.79696393478));
#1334 = CARTESIAN_POINT('',(27.317978863033,15.774846223053,
    14.889124565841));
#1335 = CARTESIAN_POINT('',(27.244560926742,15.579949327888,
    14.975120204572));
#1336 = CARTESIAN_POINT('',(27.119796377596,15.402809029841,
    15.04880255608));
#1337 = CARTESIAN_POINT('',(26.949957265258,15.257144365591,
    15.104146400706));
#1338 = CARTESIAN_POINT('',(26.749078372577,15.15481480268,
    15.136547817463));
#1339 = CARTESIAN_POINT('',(26.533752972197,15.100581055602,
    15.145095205248));
#1340 = CARTESIAN_POINT('',(26.319539578284,15.094119571803,
    15.131201446826));
#1341 = CARTESIAN_POINT('',(27.305933502116,16.164398987305,
    14.704860274386));
#1342 = CARTESIAN_POINT('',(27.338931041958,15.966413748255,
    14.773527348925));
#1343 = CARTESIAN_POINT('',(27.320582956064,15.763858426043,
    14.858514825036));
#1344 = CARTESIAN_POINT('',(27.248459243931,15.563869281461,
    14.931603290742));
#1345 = CARTESIAN_POINT('',(27.124577182401,15.381843856135,
    14.996011067659));
#1346 = CARTESIAN_POINT('',(26.953675581386,15.232381009342,
    15.046550787748));
#1347 = CARTESIAN_POINT('',(26.750878716814,15.129202074716,
    15.078688519193));
#1348 = CARTESIAN_POINT('',(26.534188101611,15.078616756719,
    15.099570292194));
#1349 = CARTESIAN_POINT('',(26.319683887251,15.073529925295,
    15.086855615076));
#1350 = CARTESIAN_POINT('',(27.305933502116,16.164398987305,
    14.704860274386));
#1351 = CARTESIAN_POINT('',(27.339446307594,15.963322154439,
    14.765222945253));
#1352 = CARTESIAN_POINT('',(27.320662982112,15.757021724418,
    14.839764742629));
#1353 = CARTESIAN_POINT('',(27.249053149312,15.553460761667,
    14.904089808327));
#1354 = CARTESIAN_POINT('',(27.125534792643,15.367614706811,
    14.961029397673));
#1355 = CARTESIAN_POINT('',(26.953582111048,15.214709129263,
    15.005819277662));
#1356 = CARTESIAN_POINT('',(26.748916998533,15.109874161322,
    15.03407635994));
#1357 = CARTESIAN_POINT('',(26.529646256139,15.058930508037,
    15.052091876643));
#1358 = CARTESIAN_POINT('',(26.314140224918,15.055108048149,
    15.040720685278));
#1359 = CARTESIAN_POINT('',(27.305933502116,16.164398987305,
    14.704860274386));
#1360 = CARTESIAN_POINT('',(27.339757403378,15.961455579731,
    14.760192940514));
#1361 = CARTESIAN_POINT('',(27.324343869579,15.751809771917,
    14.823994697202));
#1362 = CARTESIAN_POINT('',(27.254294221481,15.545418419469,
    14.880497734499));
#1363 = CARTESIAN_POINT('',(27.132247153749,15.35656450664,
    14.930284357931));
#1364 = CARTESIAN_POINT('',(26.961193720618,15.200941721078,
    14.969074968933));
#1365 = CARTESIAN_POINT('',(26.757501650167,15.094634441109,
    14.992905767699));
#1366 = CARTESIAN_POINT('',(26.541721953587,15.042716648756,
    15.005526449718));
#1367 = CARTESIAN_POINT('',(26.327588040211,15.040093546739,
    14.995988144032));
#1368 = CARTESIAN_POINT('',(27.305933502116,16.164398987305,
    14.704860274386));
#1369 = CARTESIAN_POINT('',(27.339940588972,15.960356466167,
    14.756760280863));
#1370 = CARTESIAN_POINT('',(27.32120183253,15.747264669711,
    14.80849537797));
#1371 = CARTESIAN_POINT('',(27.250253466463,15.538454664172,
    14.857208840404));
#1372 = CARTESIAN_POINT('',(27.127251020035,15.347161363091,
    14.899531858439));
#1373 = CARTESIAN_POINT('',(26.954617897904,15.189352179059,
    14.931636387991));
#1374 = CARTESIAN_POINT('',(26.748549642826,15.081555640616,
    14.950075540972));
#1375 = CARTESIAN_POINT('',(26.527368040227,15.027727981301,
    14.95443956441));
#1376 = CARTESIAN_POINT('',(26.310830586005,15.025973384945,
    14.946341872045));
#1377 = CARTESIAN_POINT('',(27.305933502116,16.164398987305,
    14.704860274386));
#1378 = CARTESIAN_POINT('',(27.340072124036,15.959567255783,
    14.753247912457));
#1379 = CARTESIAN_POINT('',(27.324405183824,15.743776801645,
    14.793779530621));
#1380 = CARTESIAN_POINT('',(27.254458021996,15.533149201805,
    14.834898358942));
#1381 = CARTESIAN_POINT('',(27.132403310452,15.340259694416,
    14.869892676232));
#1382 = CARTESIAN_POINT('',(26.961112336514,15.181196785958,
    14.89552814505));
#1383 = CARTESIAN_POINT('',(26.756890211047,15.072445079834,
    14.909071401772));
#1384 = CARTESIAN_POINT('',(26.539871765726,15.017188002436,
    14.906554811096));
#1385 = CARTESIAN_POINT('',(26.324767576215,15.016248166468,
    14.900512467769));
#1386 = CARTESIAN_POINT('',(27.305933502116,16.164398987305,
    14.704860274386));
#1387 = CARTESIAN_POINT('',(27.340228268231,15.958630390616,
    14.74797878145));
#1388 = CARTESIAN_POINT('',(27.322924264088,15.740247958541,
    14.77688531877));
#1389 = CARTESIAN_POINT('',(27.252171062852,15.528008278862,
    14.80961702156));
#1390 = CARTESIAN_POINT('',(27.129230990255,15.334055592809,
    14.836713167518));
#1391 = CARTESIAN_POINT('',(26.95752228793,15.174408916954,
    14.855556824291));
#1392 = CARTESIAN_POINT('',(26.752824663442,15.064963159681,
    14.864130069204));
#1393 = CARTESIAN_POINT('',(26.533711993152,15.008286121842,
    14.855403766026));
#1394 = CARTESIAN_POINT('',(26.317374854336,15.007826402959,
    14.850982714725));
#1395 = CARTESIAN_POINT('',(27.305933502116,16.164398987305,
    14.704860274386));
#1396 = CARTESIAN_POINT('',(27.340485281216,15.957088312701,
    14.739275833999));
#1397 = CARTESIAN_POINT('',(27.323574693622,15.736713301653,
    14.757508164673));
#1398 = CARTESIAN_POINT('',(27.252449470029,15.523105911008,
    14.780952569101));
#1399 = CARTESIAN_POINT('',(27.12900315747,15.328747318381,
    14.79975644865));
#1400 = CARTESIAN_POINT('',(26.957870669601,15.169424657123,
    14.812049960078));
#1401 = CARTESIAN_POINT('',(26.754241721064,15.059905819419,
    14.816562281164));
#1402 = CARTESIAN_POINT('',(26.536235810896,15.002811374163,
    14.805371479289));
#1403 = CARTESIAN_POINT('',(26.319906235681,15.002679233679,
    14.802659945251));
#1404 = CARTESIAN_POINT('',(27.305933502116,16.164398987305,
    14.704860274386));
#1405 = CARTESIAN_POINT('',(27.341381821626,15.951709070245,
    14.715281286853));
#1406 = CARTESIAN_POINT('',(27.324445345638,15.730160108872,
    14.725702305407));
#1407 = CARTESIAN_POINT('',(27.252530081874,15.514432375836,
    14.735409112673));
#1408 = CARTESIAN_POINT('',(27.127904332216,15.319855425011,
    14.743687740817));
#1409 = CARTESIAN_POINT('',(26.956932566263,15.161904038575,
    14.749928662621));
#1410 = CARTESIAN_POINT('',(26.754020335848,15.053667690917,
    14.75373473352));
#1411 = CARTESIAN_POINT('',(26.536223844742,15.,14.754967202894));
#1412 = CARTESIAN_POINT('',(26.319539578284,15.,14.753729695153));
#1413 = CARTESIAN_POINT('',(27.305933502116,16.164398987305,
    14.704860274386));
#1414 = CARTESIAN_POINT('',(27.341606952204,15.950358286773,
    14.704860274386));
#1415 = CARTESIAN_POINT('',(27.32419986935,15.727470688181,
    14.704860274386));
#1416 = CARTESIAN_POINT('',(27.251153624207,15.511094953546,
    14.704860274386));
#1417 = CARTESIAN_POINT('',(27.125236992355,15.317471895501,
    14.704860274386));
#1418 = CARTESIAN_POINT('',(26.954948951145,15.16143706027,
    14.704860274386));
#1419 = CARTESIAN_POINT('',(26.753525969965,15.053812736251,
    14.704860274386));
#1420 = CARTESIAN_POINT('',(26.53653270381,15.,14.704860274386));
#1421 = CARTESIAN_POINT('',(26.319539578284,15.,14.704860274386));
#1422 = ADVANCED_FACE('',(#1423),#1428,.F.);
#1423 = FACE_BOUND('',#1424,.F.);
#1424 = EDGE_LOOP('',(#1425,#1426,#1427));
#1425 = ORIENTED_EDGE('',*,*,#1299,.F.);
#1426 = ORIENTED_EDGE('',*,*,#827,.T.);
#1427 = ORIENTED_EDGE('',*,*,#780,.T.);
#1428 = B_SPLINE_SURFACE_WITH_KNOTS('',10,7,(
    (#1429,#1430,#1431,#1432,#1433,#1434,#1435,#1436)
    ,(#1437,#1438,#1439,#1440,#1441,#1442,#1443,#1444)
    ,(#1445,#1446,#1447,#1448,#1449,#1450,#1451,#1452)
    ,(#1453,#1454,#1455,#1456,#1457,#1458,#1459,#1460)
    ,(#1461,#1462,#1463,#1464,#1465,#1466,#1467,#1468)
    ,(#1469,#1470,#1471,#1472,#1473,#1474,#1475,#1476)
    ,(#1477,#1478,#1479,#1480,#1481,#1482,#1483,#1484)
    ,(#1485,#1486,#1487,#1488,#1489,#1490,#1491,#1492)
    ,(#1493,#1494,#1495,#1496,#1497,#1498,#1499,#1500)
    ,(#1501,#1502,#1503,#1504,#1505,#1506,#1507,#1508)
    ,(#1509,#1510,#1511,#1512,#1513,#1514,#1515,#1516
  )),.UNSPECIFIED.,.F.,.F.,.F.,(11,11),(8,8),(0.,1.),(0.,1.),
  .PIECEWISE_BEZIER_KNOTS.);
#1429 = CARTESIAN_POINT('',(3.680460421716,15.117052407141,
    15.174331837172));
#1430 = CARTESIAN_POINT('',(3.435998096179,15.126032467802,
    15.191220874917));
#1431 = CARTESIAN_POINT('',(3.191538123787,15.196952413026,
    15.175175683313));
#1432 = CARTESIAN_POINT('',(2.971071691398,15.328915131321,
    15.12454720828));
#1433 = CARTESIAN_POINT('',(2.798667626755,15.511972633143,
    15.042491952561));
#1434 = CARTESIAN_POINT('',(2.692293515723,15.727047054009,
    14.937561540832));
#1435 = CARTESIAN_POINT('',(2.658581400315,15.95148840189,
    14.821211467595));
#1436 = CARTESIAN_POINT('',(2.694066497884,16.164398987305,
    14.704860274386));
#1437 = CARTESIAN_POINT('',(3.680460421716,15.094119571804,
    15.131201446828));
#1438 = CARTESIAN_POINT('',(3.435645114387,15.101504124717,
    15.147080027882));
#1439 = CARTESIAN_POINT('',(3.189391813081,15.172562930528,
    15.133045021384));
#1440 = CARTESIAN_POINT('',(2.966261711497,15.307978083492,
    15.086776735913));
#1441 = CARTESIAN_POINT('',(2.794445791736,15.497491476682,
    15.010881737928));
#1442 = CARTESIAN_POINT('',(2.690141915392,15.717520508003,
    14.915466828332));
#1443 = CARTESIAN_POINT('',(2.65779284563,15.946757073782,
    14.810121600551));
#1444 = CARTESIAN_POINT('',(2.694066497884,16.164398987305,
    14.704860274386));
#1445 = CARTESIAN_POINT('',(3.680316112744,15.073529925291,
    15.08685561507));
#1446 = CARTESIAN_POINT('',(3.43516843919,15.079343446919,
    15.101386674635));
#1447 = CARTESIAN_POINT('',(3.187176428246,15.146521546314,
    15.074119030809));
#1448 = CARTESIAN_POINT('',(2.961514708168,15.284054454461,
    15.02995902689));
#1449 = CARTESIAN_POINT('',(2.789853310185,15.479357165025,
    14.962152034706));
#1450 = CARTESIAN_POINT('',(2.687188991432,15.704985754358,
    14.880604025767));
#1451 = CARTESIAN_POINT('',(2.656355023779,15.938130142677,
    14.783336931003));
#1452 = CARTESIAN_POINT('',(2.694066497884,16.164398987305,
    14.704860274386));
#1453 = CARTESIAN_POINT('',(3.685859775089,15.055108048158,
    15.040720685292));
#1454 = CARTESIAN_POINT('',(3.439567167979,15.059476573744,
    15.053716332564));
#1455 = CARTESIAN_POINT('',(3.188613584738,15.12725176988,
    15.030125805904));
#1456 = CARTESIAN_POINT('',(2.960710608945,15.267395139599,14.9911774251
    ));
#1457 = CARTESIAN_POINT('',(2.788902065222,15.467463983311,
    14.930982757602));
#1458 = CARTESIAN_POINT('',(2.687038388902,15.697141383431,
    14.859171666836));
#1459 = CARTESIAN_POINT('',(2.655766148767,15.934596892601,
    14.773846183949));
#1460 = CARTESIAN_POINT('',(2.694066497884,16.164398987305,
    14.704860274386));
#1461 = CARTESIAN_POINT('',(3.672411959775,15.040093546726,
    14.995988144016));
#1462 = CARTESIAN_POINT('',(3.427687487346,15.043091377604,
    15.006889064803));
#1463 = CARTESIAN_POINT('',(3.180501379502,15.112136470686,
    14.989804754543));
#1464 = CARTESIAN_POINT('',(2.953343770545,15.254470323717,
    14.956581818274));
#1465 = CARTESIAN_POINT('',(2.782941457259,15.45822914783,
    14.904083636327));
#1466 = CARTESIAN_POINT('',(2.682903899353,15.691142959547,
    14.841095765968));
#1467 = CARTESIAN_POINT('',(2.655410610727,15.932463664363,
    14.768097607104));
#1468 = CARTESIAN_POINT('',(2.694066497884,16.164398987305,
    14.704860274386));
#1469 = CARTESIAN_POINT('',(3.689169414004,15.025973384957,
    14.946341872058));
#1470 = CARTESIAN_POINT('',(3.441698037751,15.027978637935,
    14.955596377616));
#1471 = CARTESIAN_POINT('',(3.188570260658,15.099313870831,
    14.948188855585));
#1472 = CARTESIAN_POINT('',(2.959004247937,15.243633820197,
    14.921659097616));
#1473 = CARTESIAN_POINT('',(2.78730739031,15.450236257662,
    14.877484786467));
#1474 = CARTESIAN_POINT('',(2.686370173871,15.68591643535,
    14.823339247262));
#1475 = CARTESIAN_POINT('',(2.655201255763,15.931207534576,
    14.764174567503));
#1476 = CARTESIAN_POINT('',(2.694066497884,16.164398987305,
    14.704860274386));
#1477 = CARTESIAN_POINT('',(3.675232423776,15.01624816646,
    14.900512467767));
#1478 = CARTESIAN_POINT('',(3.429399064334,15.01732226471,
    14.907418002999));
#1479 = CARTESIAN_POINT('',(3.180881101408,15.090390303823,
    14.908180754202));
#1480 = CARTESIAN_POINT('',(2.953243511604,15.235931197001,
    14.887904088471));
#1481 = CARTESIAN_POINT('',(2.782734023443,15.444149778732,
    14.851938123397));
#1482 = CARTESIAN_POINT('',(2.682808420398,15.681899109866,
    14.806444599702));
#1483 = CARTESIAN_POINT('',(2.655050929975,15.930305579852,
    14.760160432181));
#1484 = CARTESIAN_POINT('',(2.694066497884,16.164398987305,
    14.704860274386));
#1485 = CARTESIAN_POINT('',(3.682625145667,15.007826402962,
    14.850982714723));
#1486 = CARTESIAN_POINT('',(3.435382701306,15.008351795971,
    14.856035344781));
#1487 = CARTESIAN_POINT('',(3.18464537383,15.083113759379,
    14.864210162392));
#1488 = CARTESIAN_POINT('',(2.956782580264,15.229406376384,
    14.850346534527));
#1489 = CARTESIAN_POINT('',(2.785445875048,15.438319170692,
    14.823111802584));
#1490 = CARTESIAN_POINT('',(2.684476482727,15.677857400619,
    14.787095241682));
#1491 = CARTESIAN_POINT('',(2.654872479467,15.929234876803,
    14.754138568173));
#1492 = CARTESIAN_POINT('',(2.694066497884,16.164398987305,
    14.704860274386));
#1493 = CARTESIAN_POINT('',(3.680093764316,15.002679233679,
    14.802659945254));
#1494 = CARTESIAN_POINT('',(3.43285996407,15.002830251375,
    14.805758841297));
#1495 = CARTESIAN_POINT('',(3.183452755177,15.078142861875,
    14.817187450839));
#1496 = CARTESIAN_POINT('',(2.957031283858,15.224361235546,
    14.808961304521));
#1497 = CARTESIAN_POINT('',(2.785494386623,15.432840273986,
    14.79056237471));
#1498 = CARTESIAN_POINT('',(2.683804116097,15.673827808167,
    14.764925957917));
#1499 = CARTESIAN_POINT('',(2.654578750341,15.927472502043,
    14.744192342515));
#1500 = CARTESIAN_POINT('',(2.694066497884,16.164398987305,
    14.704860274386));
#1501 = CARTESIAN_POINT('',(3.680460421716,15.,14.753729695152));
#1502 = CARTESIAN_POINT('',(3.43282126005,15.,14.755143989714));
#1503 = CARTESIAN_POINT('',(3.183745032902,15.071533211766,
    14.753264861341));
#1504 = CARTESIAN_POINT('',(2.958484615492,15.216217578973,
    14.747927404626));
#1505 = CARTESIAN_POINT('',(2.786015172882,15.423333943502,
    14.739447269841));
#1506 = CARTESIAN_POINT('',(2.682934062288,15.666414836913,
    14.728679619456));
#1507 = CARTESIAN_POINT('',(2.65355413273,15.921324796379,14.71677000292
    ));
#1508 = CARTESIAN_POINT('',(2.694066497884,16.164398987305,
    14.704860274386));
#1509 = CARTESIAN_POINT('',(3.680460421716,15.,14.704860274386));
#1510 = CARTESIAN_POINT('',(3.432468278258,15.,14.704860274386));
#1511 = CARTESIAN_POINT('',(3.184478739562,15.071752680406,
    14.704860274386));
#1512 = CARTESIAN_POINT('',(2.961383712122,15.215238605031,
    14.704860274386));
#1513 = CARTESIAN_POINT('',(2.788161067208,15.419721081496,
    14.704860274386));
#1514 = CARTESIAN_POINT('',(2.683304019588,15.663369601701,
    14.704860274386));
#1515 = CARTESIAN_POINT('',(2.65329684064,15.91978104384,14.704860274386
    ));
#1516 = CARTESIAN_POINT('',(2.694066497884,16.164398987305,
    14.704860274386));
#1517 = ADVANCED_FACE('',(#1518),#1529,.F.);
#1518 = FACE_BOUND('',#1519,.T.);
#1519 = EDGE_LOOP('',(#1520,#1521,#1522,#1528));
#1520 = ORIENTED_EDGE('',*,*,#819,.F.);
#1521 = ORIENTED_EDGE('',*,*,#1087,.F.);
#1522 = ORIENTED_EDGE('',*,*,#1523,.T.);
#1523 = EDGE_CURVE('',#1015,#1227,#1524,.T.);
#1524 = LINE('',#1525,#1526);
#1525 = CARTESIAN_POINT('',(26.166666666667,22.153739078506,
    28.408414688358));
#1526 = VECTOR('',#1527,1.);
#1527 = DIRECTION('',(-1.,0.,0.));
#1528 = ORIENTED_EDGE('',*,*,#1306,.T.);
#1529 = PLANE('',#1530);
#1530 = AXIS2_PLACEMENT_3D('',#1531,#1532,#1533);
#1531 = CARTESIAN_POINT('',(27.5,19.,22.477094138615));
#1532 = DIRECTION('',(1.096786356883E-16,0.882947592859,-0.469471562786)
  );
#1533 = DIRECTION('',(1.,-9.684048736906E-17,5.149100050082E-17));
#1534 = ADVANCED_FACE('',(#1535),#1546,.T.);
#1535 = FACE_BOUND('',#1536,.T.);
#1536 = EDGE_LOOP('',(#1537,#1543,#1544,#1545));
#1537 = ORIENTED_EDGE('',*,*,#1538,.T.);
#1538 = EDGE_CURVE('',#1124,#912,#1539,.T.);
#1539 = LINE('',#1540,#1541);
#1540 = CARTESIAN_POINT('',(5.,30.,27.));
#1541 = VECTOR('',#1542,1.);
#1542 = DIRECTION('',(1.,0.,0.));
#1543 = ORIENTED_EDGE('',*,*,#911,.F.);
#1544 = ORIENTED_EDGE('',*,*,#867,.F.);
#1545 = ORIENTED_EDGE('',*,*,#1132,.T.);
#1546 = PLANE('',#1547);
#1547 = AXIS2_PLACEMENT_3D('',#1548,#1549,#1550);
#1548 = CARTESIAN_POINT('',(5.,30.,0.));
#1549 = DIRECTION('',(0.,1.,0.));
#1550 = DIRECTION('',(1.,0.,0.));
#1551 = ADVANCED_FACE('',(#1552),#1563,.T.);
#1552 = FACE_BOUND('',#1553,.F.);
#1553 = EDGE_LOOP('',(#1554,#1560,#1561,#1562));
#1554 = ORIENTED_EDGE('',*,*,#1555,.F.);
#1555 = EDGE_CURVE('',#1149,#937,#1556,.T.);
#1556 = LINE('',#1557,#1558);
#1557 = CARTESIAN_POINT('',(5.,27.,30.));
#1558 = VECTOR('',#1559,1.);
#1559 = DIRECTION('',(1.,0.,0.));
#1560 = ORIENTED_EDGE('',*,*,#1156,.F.);
#1561 = ORIENTED_EDGE('',*,*,#1538,.T.);
#1562 = ORIENTED_EDGE('',*,*,#936,.T.);
#1563 = CYLINDRICAL_SURFACE('',#1564,3.);
#1564 = AXIS2_PLACEMENT_3D('',#1565,#1566,#1567);
#1565 = CARTESIAN_POINT('',(5.,27.,27.));
#1566 = DIRECTION('',(1.,0.,0.));
#1567 = DIRECTION('',(0.,0.,1.));
#1568 = ADVANCED_FACE('',(#1569),#1580,.T.);
#1569 = FACE_BOUND('',#1570,.T.);
#1570 = EDGE_LOOP('',(#1571,#1577,#1578,#1579));
#1571 = ORIENTED_EDGE('',*,*,#1572,.F.);
#1572 = EDGE_CURVE('',#990,#1202,#1573,.T.);
#1573 = LINE('',#1574,#1575);
#1574 = CARTESIAN_POINT('',(26.166666666667,24.802581857083,30.));
#1575 = VECTOR('',#1576,1.);
#1576 = DIRECTION('',(-1.,0.,0.));
#1577 = ORIENTED_EDGE('',*,*,#989,.F.);
#1578 = ORIENTED_EDGE('',*,*,#1555,.F.);
#1579 = ORIENTED_EDGE('',*,*,#1210,.T.);
#1580 = PLANE('',#1581);
#1581 = AXIS2_PLACEMENT_3D('',#1582,#1583,#1584);
#1582 = CARTESIAN_POINT('',(15.,13.646546837127,30.));
#1583 = DIRECTION('',(0.,0.,1.));
#1584 = DIRECTION('',(1.,0.,0.));
#1585 = ADVANCED_FACE('',(#1586),#1592,.T.);
#1586 = FACE_BOUND('',#1587,.F.);
#1587 = EDGE_LOOP('',(#1588,#1589,#1590,#1591));
#1588 = ORIENTED_EDGE('',*,*,#1572,.F.);
#1589 = ORIENTED_EDGE('',*,*,#1014,.T.);
#1590 = ORIENTED_EDGE('',*,*,#1523,.T.);
#1591 = ORIENTED_EDGE('',*,*,#1234,.F.);
#1592 = CYLINDRICAL_SURFACE('',#1593,3.);
#1593 = AXIS2_PLACEMENT_3D('',#1594,#1595,#1596);
#1594 = CARTESIAN_POINT('',(26.166666666667,24.802581857083,27.));
#1595 = DIRECTION('',(-1.,0.,0.));
#1596 = DIRECTION('',(0.,0.,1.));
#1597 = ( GEOMETRIC_REPRESENTATION_CONTEXT(3) 
GLOBAL_UNCERTAINTY_ASSIGNED_CONTEXT((#1601)) 
GLOBAL_UNIT_ASSIGNED_CONTEXT((#1598,#1599,#1600)) REPRESENTATION_CONTEXT
('Context #1','3D Context with UNIT and UNCERTAINTY') );
#1598 = ( LENGTH_UNIT() NAMED_UNIT(*) SI_UNIT(.MILLI.,.METRE.) );
#1599 = ( NAMED_UNIT(*) PLANE_ANGLE_UNIT() SI_UNIT($,.RADIAN.) );
#1600 = ( NAMED_UNIT(*) SI_UNIT($,.STERADIAN.) SOLID_ANGLE_UNIT() );
#1601 = UNCERTAINTY_MEASURE_WITH_UNIT(LENGTH_MEASURE(2.E-04),#1598,
  'distance_accuracy_value','confusion accuracy');
#1602 = PRODUCT_RELATED_PRODUCT_CATEGORY('part',$,(#7));
#1603 = MECHANICAL_DESIGN_GEOMETRIC_PRESENTATION_REPRESENTATION('',(
    #1604),#1597);
#1604 = STYLED_ITEM('color',(#1605),#15);
#1605 = PRESENTATION_STYLE_ASSIGNMENT((#1606,#1612));
#1606 = SURFACE_STYLE_USAGE(.BOTH.,#1607);
#1607 = SURFACE_SIDE_STYLE('',(#1608));
#1608 = SURFACE_STYLE_FILL_AREA(#1609);
#1609 = FILL_AREA_STYLE('',(#1610));
#1610 = FILL_AREA_STYLE_COLOUR('',#1611);
#1611 = COLOUR_RGB('',0.678431390124,0.709803936702,0.741176476869);
#1612 = CURVE_STYLE('',#1613,POSITIVE_LENGTH_MEASURE(0.1),#1614);
#1613 = DRAUGHTING_PRE_DEFINED_CURVE_FONT('continuous');
#1614 = COLOUR_RGB('',9.803921802644E-02,9.803921802644E-02,
  9.803921802644E-02);
ENDSEC;
END-ISO-10303-21;
