ISO-10303-21;
HEADER;
FILE_DESCRIPTION(('FreeCAD Model'),'2;1');
FILE_NAME('Open CASCADE Shape Model','2026-09-03T09:49:47',(''),(''),
  'Open CASCADE STEP processor 7.8','FreeCAD','Unknown');
FILE_SCHEMA(('AUTOMOTIVE_DESIGN { 1 0 10303 214 1 1 1 1 }'));
ENDSEC;
DATA;
#1 = APPLICATION_PROTOCOL_DEFINITION('international standard',
  'automotive_design',2000,#2);
#2 = APPLICATION_CONTEXT(
  'core data for automotive mechanical design processes');
#3 = SHAPE_DEFINITION_REPRESENTATION(#4,#10);
#4 = PRODUCT_DEFINITION_SHAPE('','',#5);
#5 = PRODUCT_DEFINITION('design','',#6,#9);
#6 = PRODUCT_DEFINITION_FORMATION('','',#7);
#7 = PRODUCT('Body','Body','',(#8));
#8 = PRODUCT_CONTEXT('',#2,'mechanical');
#9 = PRODUCT_DEFINITION_CONTEXT('part definition',#2,'design');
#10 = ADVANCED_BREP_SHAPE_REPRESENTATION('',(#11,#15),#2611);
#11 = AXIS2_PLACEMENT_3D('',#12,#13,#14);
#12 = CARTESIAN_POINT('',(0.,0.,0.));
#13 = DIRECTION('',(0.,0.,1.));
#14 = DIRECTION('',(1.,0.,-0.));
#15 = MANIFOLD_SOLID_BREP('',#16);
#16 = CLOSED_SHELL('',(#17,#50,#698,#1346,#1368,#1385,#1402,#1419,#1436,
    #1453,#1470,#1487,#1504,#1521,#1538,#1555,#1572,#1589,#1606,#1623,
    #1640,#1652,#1674,#1692,#1719,#1731,#1767,#1789,#1807,#1834,#1846,
    #1868,#1885,#1902,#1919,#1936,#1953,#1970,#1987,#2004,#2021,#2038,
    #2055,#2072,#2089,#2106,#2123,#2140,#2157,#2174,#2191,#2208,#2225,
    #2242,#2259,#2276,#2293,#2310,#2327,#2344,#2361,#2378,#2395,#2412,
    #2429,#2446,#2463,#2480,#2497,#2514,#2531,#2548,#2565,#2582,#2599));
#17 = ADVANCED_FACE('',(#18),#45,.T.);
#18 = FACE_BOUND('',#19,.F.);
#19 = EDGE_LOOP('',(#20,#30,#37,#38));
#20 = ORIENTED_EDGE('',*,*,#21,.F.);
#21 = EDGE_CURVE('',#22,#24,#26,.T.);
#22 = VERTEX_POINT('',#23);
#23 = CARTESIAN_POINT('',(105.,0.,5.));
#24 = VERTEX_POINT('',#25);
#25 = CARTESIAN_POINT('',(105.,0.,7.));
#26 = LINE('',#27,#28);
#27 = CARTESIAN_POINT('',(105.,0.,0.));
#28 = VECTOR('',#29,1.);
#29 = DIRECTION('',(0.,0.,1.));
#30 = ORIENTED_EDGE('',*,*,#31,.F.);
#31 = EDGE_CURVE('',#22,#22,#32,.T.);
#32 = CIRCLE('',#33,105.);
#33 = AXIS2_PLACEMENT_3D('',#34,#35,#36);
#34 = CARTESIAN_POINT('',(0.,0.,5.));
#35 = DIRECTION('',(0.,0.,1.));
#36 = DIRECTION('',(1.,0.,0.));
#37 = ORIENTED_EDGE('',*,*,#21,.T.);
#38 = ORIENTED_EDGE('',*,*,#39,.T.);
#39 = EDGE_CURVE('',#24,#24,#40,.T.);
#40 = CIRCLE('',#41,105.);
#41 = AXIS2_PLACEMENT_3D('',#42,#43,#44);
#42 = CARTESIAN_POINT('',(0.,0.,7.));
#43 = DIRECTION('',(0.,0.,1.));
#44 = DIRECTION('',(1.,0.,0.));
#45 = CYLINDRICAL_SURFACE('',#46,105.);
#46 = AXIS2_PLACEMENT_3D('',#47,#48,#49);
#47 = CARTESIAN_POINT('',(0.,0.,0.));
#48 = DIRECTION('',(-0.,-0.,-1.));
#49 = DIRECTION('',(1.,0.,0.));
#50 = ADVANCED_FACE('',(#51,#54,#200,#223,#245,#272,#295,#317),#693,.T.
  );
#51 = FACE_BOUND('',#52,.T.);
#52 = EDGE_LOOP('',(#53));
#53 = ORIENTED_EDGE('',*,*,#39,.T.);
#54 = FACE_BOUND('',#55,.T.);
#55 = EDGE_LOOP('',(#56,#66,#74,#82,#90,#98,#106,#114,#122,#130,#138,
    #146,#154,#162,#170,#178,#186,#194));
#56 = ORIENTED_EDGE('',*,*,#57,.F.);
#57 = EDGE_CURVE('',#58,#60,#62,.T.);
#58 = VERTEX_POINT('',#59);
#59 = CARTESIAN_POINT('',(40.852353,31.128668,7.));
#60 = VERTEX_POINT('',#61);
#61 = CARTESIAN_POINT('',(20.306588,36.709107,7.));
#62 = LINE('',#63,#64);
#63 = CARTESIAN_POINT('',(13.349023443069,38.598852385412,7.));
#64 = VECTOR('',#65,1.);
#65 = DIRECTION('',(-0.965036953843,0.262113864033,0.));
#66 = ORIENTED_EDGE('',*,*,#67,.F.);
#67 = EDGE_CURVE('',#68,#58,#70,.T.);
#68 = VERTEX_POINT('',#69);
#69 = CARTESIAN_POINT('',(57.65321,16.70151,7.));
#70 = LINE('',#71,#72);
#71 = CARTESIAN_POINT('',(36.347209855979,34.9973046982,7.));
#72 = VECTOR('',#73,1.);
#73 = DIRECTION('',(-0.758666715703,0.651478944008,0.));
#74 = ORIENTED_EDGE('',*,*,#75,.F.);
#75 = EDGE_CURVE('',#76,#68,#78,.T.);
#76 = VERTEX_POINT('',#77);
#77 = CARTESIAN_POINT('',(65.182171,-7.119347,7.));
#78 = LINE('',#79,#80);
#79 = CARTESIAN_POINT('',(57.913028703211,15.879470388543,7.));
#80 = VECTOR('',#81,1.);
#81 = DIRECTION('',(-0.301371046206,0.953506944133,0.));
#82 = ORIENTED_EDGE('',*,*,#83,.F.);
#83 = EDGE_CURVE('',#84,#76,#86,.T.);
#84 = VERTEX_POINT('',#85);
#85 = CARTESIAN_POINT('',(61.644025,-22.946623,7.));
#86 = LINE('',#87,#88);
#87 = CARTESIAN_POINT('',(63.688264289439,-13.8020768326,7.));
#88 = VECTOR('',#89,1.);
#89 = DIRECTION('',(0.218162659794,0.97591242121,0.));
#90 = ORIENTED_EDGE('',*,*,#91,.F.);
#91 = EDGE_CURVE('',#92,#84,#94,.T.);
#92 = VERTEX_POINT('',#93);
#93 = CARTESIAN_POINT('',(39.632706,-34.769803,7.));
#94 = LINE('',#95,#96);
#95 = CARTESIAN_POINT('',(39.0766101961,-35.06850480822,7.));
#96 = VECTOR('',#97,1.);
#97 = DIRECTION('',(0.880956282718,0.473197662653,0.));
#98 = ORIENTED_EDGE('',*,*,#99,.F.);
#99 = EDGE_CURVE('',#100,#92,#102,.T.);
#100 = VERTEX_POINT('',#101);
#101 = CARTESIAN_POINT('',(23.852555,-39.032034,7.));
#102 = LINE('',#103,#104);
#103 = CARTESIAN_POINT('',(22.07261789774,-39.51279638911,7.));
#104 = VECTOR('',#105,1.);
#105 = DIRECTION('',(0.965404595411,0.260756528509,0.));
#106 = ORIENTED_EDGE('',*,*,#107,.F.);
#107 = EDGE_CURVE('',#108,#100,#110,.T.);
#108 = VERTEX_POINT('',#109);
#109 = CARTESIAN_POINT('',(-1.423799,-40.716531,7.));
#110 = LINE('',#111,#112);
#111 = CARTESIAN_POINT('',(10.099922903118,-39.94855334884,7.));
#112 = VECTOR('',#113,1.);
#113 = DIRECTION('',(0.99778671196,6.649569486709E-02,0.));
#114 = ORIENTED_EDGE('',*,*,#115,.F.);
#115 = EDGE_CURVE('',#116,#108,#118,.T.);
#116 = VERTEX_POINT('',#117);
#117 = CARTESIAN_POINT('',(-29.393225,-40.716531,7.));
#118 = LINE('',#119,#120);
#119 = CARTESIAN_POINT('',(-3.725537042412,-40.716531,7.));
#120 = VECTOR('',#121,1.);
#121 = DIRECTION('',(1.,0.,0.));
#122 = ORIENTED_EDGE('',*,*,#123,.F.);
#123 = EDGE_CURVE('',#124,#116,#126,.T.);
#124 = VERTEX_POINT('',#125);
#125 = CARTESIAN_POINT('',(-48.213987,-33.10385,7.));
#126 = LINE('',#127,#128);
#127 = CARTESIAN_POINT('',(-25.51997429318,-42.28319562622,7.));
#128 = VECTOR('',#129,1.);
#129 = DIRECTION('',(0.927036661168,-0.37497070399,0.));
#130 = ORIENTED_EDGE('',*,*,#131,.F.);
#131 = EDGE_CURVE('',#132,#124,#134,.T.);
#132 = VERTEX_POINT('',#133);
#133 = CARTESIAN_POINT('',(-56.081876,-18.314598,7.));
#134 = LINE('',#135,#136);
#135 = CARTESIAN_POINT('',(-49.33901583074,-30.98913601698,7.));
#136 = VECTOR('',#137,1.);
#137 = DIRECTION('',(0.469671859986,-0.882841063803,0.));
#138 = ORIENTED_EDGE('',*,*,#139,.F.);
#139 = EDGE_CURVE('',#140,#132,#142,.T.);
#140 = VERTEX_POINT('',#141);
#141 = CARTESIAN_POINT('',(-53.309489,-9.847792,7.));
#142 = LINE('',#143,#144);
#143 = CARTESIAN_POINT('',(-51.7241591767,-5.006231258354,7.));
#144 = VECTOR('',#145,1.);
#145 = DIRECTION('',(-0.311184271545,-0.95034959312,0.));
#146 = ORIENTED_EDGE('',*,*,#147,.F.);
#147 = EDGE_CURVE('',#148,#140,#150,.T.);
#148 = VERTEX_POINT('',#149);
#149 = CARTESIAN_POINT('',(-35.909999,-8.693199,7.));
#150 = LINE('',#151,#152);
#151 = CARTESIAN_POINT('',(-29.61961784752,-8.275782739754,7.));
#152 = VECTOR('',#153,1.);
#153 = DIRECTION('',(-0.997805561443,-6.621224625565E-02,0.));
#154 = ORIENTED_EDGE('',*,*,#155,.F.);
#155 = EDGE_CURVE('',#156,#148,#158,.T.);
#156 = VERTEX_POINT('',#157);
#157 = CARTESIAN_POINT('',(-16.420254,-6.97999,7.));
#158 = LINE('',#159,#160);
#159 = CARTESIAN_POINT('',(-20.93233338086,-7.376615764165,7.));
#160 = VECTOR('',#161,1.);
#161 = DIRECTION('',(-0.996158769007,-8.756544369832E-02,0.));
#162 = ORIENTED_EDGE('',*,*,#163,.F.);
#163 = EDGE_CURVE('',#164,#156,#166,.T.);
#164 = VERTEX_POINT('',#165);
#165 = CARTESIAN_POINT('',(-7.064743,1.865983,7.));
#166 = LINE('',#167,#168);
#167 = CARTESIAN_POINT('',(-13.2408470882,-3.973746118962,7.));
#168 = VECTOR('',#169,1.);
#169 = DIRECTION('',(-0.726617085783,-0.687042655625,0.));
#170 = ORIENTED_EDGE('',*,*,#171,.F.);
#171 = EDGE_CURVE('',#172,#164,#174,.T.);
#172 = VERTEX_POINT('',#173);
#173 = CARTESIAN_POINT('',(6.061939,8.509444,7.));
#174 = LINE('',#175,#176);
#175 = CARTESIAN_POINT('',(-8.082096730284,1.35109661589,7.));
#176 = VECTOR('',#177,1.);
#177 = DIRECTION('',(-0.892238234696,-0.451564981532,0.));
#178 = ORIENTED_EDGE('',*,*,#179,.F.);
#179 = EDGE_CURVE('',#180,#172,#182,.T.);
#180 = VERTEX_POINT('',#181);
#181 = CARTESIAN_POINT('',(10.317346,22.263138,7.));
#182 = LINE('',#183,#184);
#183 = CARTESIAN_POINT('',(3.59347450081,0.531239947669,7.));
#184 = VECTOR('',#185,1.);
#185 = DIRECTION('',(-0.29557668175,-0.955319017505,0.));
#186 = ORIENTED_EDGE('',*,*,#187,.F.);
#187 = EDGE_CURVE('',#188,#180,#190,.T.);
#188 = VERTEX_POINT('',#189);
#189 = CARTESIAN_POINT('',(7.030323,33.296049,7.));
#190 = LINE('',#191,#192);
#191 = CARTESIAN_POINT('',(13.413261808179,11.871679353336,7.));
#192 = VECTOR('',#193,1.);
#193 = DIRECTION('',(0.285526370686,-0.958370852876,0.));
#194 = ORIENTED_EDGE('',*,*,#195,.F.);
#195 = EDGE_CURVE('',#60,#188,#196,.T.);
#196 = LINE('',#197,#198);
#197 = CARTESIAN_POINT('',(-3.739359619222,30.527382404312,7.));
#198 = VECTOR('',#199,1.);
#199 = DIRECTION('',(-0.968507688253,-0.248983649653,0.));
#200 = FACE_BOUND('',#201,.T.);
#201 = EDGE_LOOP('',(#202,#213));
#202 = ORIENTED_EDGE('',*,*,#203,.F.);
#203 = EDGE_CURVE('',#204,#206,#208,.T.);
#204 = VERTEX_POINT('',#205);
#205 = CARTESIAN_POINT('',(-66.75592264555,23.285400000001,7.));
#206 = VERTEX_POINT('',#207);
#207 = CARTESIAN_POINT('',(-46.84603506139,22.730200000002,7.));
#208 = CIRCLE('',#209,10.344327722969);
#209 = AXIS2_PLACEMENT_3D('',#210,#211,#212);
#210 = CARTESIAN_POINT('',(-56.72299339264,25.804417,7.));
#211 = DIRECTION('',(0.,0.,1.));
#212 = DIRECTION('',(1.,0.,0.));
#213 = ORIENTED_EDGE('',*,*,#214,.F.);
#214 = EDGE_CURVE('',#206,#204,#215,.T.);
#215 = B_SPLINE_CURVE_WITH_KNOTS('',3,(#216,#217,#218,#219,#220,#221,
    #222),.UNSPECIFIED.,.F.,.F.,(4,1,1,1,4),(0.,1.,2.,3.,4.),
  .QUASI_UNIFORM_KNOTS.);
#216 = CARTESIAN_POINT('',(-46.84603506139,22.7302,7.));
#217 = CARTESIAN_POINT('',(-47.9109,24.0497,7.));
#218 = CARTESIAN_POINT('',(-49.6131,24.6454,7.));
#219 = CARTESIAN_POINT('',(-55.0601,25.1135,7.));
#220 = CARTESIAN_POINT('',(-64.6774,25.2838,7.));
#221 = CARTESIAN_POINT('',(-65.9115,24.2199,7.));
#222 = CARTESIAN_POINT('',(-66.75592264555,23.285400000001,7.));
#223 = FACE_BOUND('',#224,.T.);
#224 = EDGE_LOOP('',(#225,#238));
#225 = ORIENTED_EDGE('',*,*,#226,.F.);
#226 = EDGE_CURVE('',#227,#229,#231,.T.);
#227 = VERTEX_POINT('',#228);
#228 = CARTESIAN_POINT('',(-65.9955,30.3898,7.));
#229 = VERTEX_POINT('',#230);
#230 = CARTESIAN_POINT('',(-47.0179,29.3844,7.));
#231 = B_SPLINE_CURVE_WITH_KNOTS('',3,(#232,#233,#234,#235,#236,#237),
  .UNSPECIFIED.,.F.,.F.,(4,1,1,4),(0.,1.,2.,3.),.QUASI_UNIFORM_KNOTS.);
#232 = CARTESIAN_POINT('',(-65.9955,30.3898,7.));
#233 = CARTESIAN_POINT('',(-65.1455,28.5179,7.));
#234 = CARTESIAN_POINT('',(-62.4645,27.8796,7.));
#235 = CARTESIAN_POINT('',(-50.6344,26.9859,7.));
#236 = CARTESIAN_POINT('',(-48.1237,27.837,7.));
#237 = CARTESIAN_POINT('',(-47.0179,29.3844,7.));
#238 = ORIENTED_EDGE('',*,*,#239,.F.);
#239 = EDGE_CURVE('',#229,#227,#240,.T.);
#240 = CIRCLE('',#241,10.344327722969);
#241 = AXIS2_PLACEMENT_3D('',#242,#243,#244);
#242 = CARTESIAN_POINT('',(-56.72299339264,25.804417,7.));
#243 = DIRECTION('',(0.,0.,1.));
#244 = DIRECTION('',(1.,0.,0.));
#245 = FACE_BOUND('',#246,.T.);
#246 = EDGE_LOOP('',(#247));
#247 = ORIENTED_EDGE('',*,*,#248,.T.);
#248 = EDGE_CURVE('',#249,#249,#251,.T.);
#249 = VERTEX_POINT('',#250);
#250 = CARTESIAN_POINT('',(-56.9359,3.32248,7.));
#251 = B_SPLINE_CURVE_WITH_KNOTS('',3,(#252,#253,#254,#255,#256,#257,
    #258,#259,#260,#261,#262,#263,#264,#265,#266,#267,#268,#269,#270,
    #271),.UNSPECIFIED.,.T.,.F.,(4,1,1,1,1,1,1,1,1,1,1,1,1,1,1,1,1,4),(
    0.,1.,2.,3.,4.,5.,6.,7.,8.,9.,10.,11.,12.,13.,14.,15.,16.,17.),
  .QUASI_UNIFORM_KNOTS.);
#252 = CARTESIAN_POINT('',(-56.9359,3.32248,7.));
#253 = CARTESIAN_POINT('',(-55.0992,6.1482,7.));
#254 = CARTESIAN_POINT('',(-53.4038,9.25649,7.));
#255 = CARTESIAN_POINT('',(-47.0459,11.0932,7.));
#256 = CARTESIAN_POINT('',(-39.699,11.9409,7.));
#257 = CARTESIAN_POINT('',(-29.809,10.3868,7.));
#258 = CARTESIAN_POINT('',(-25.853,6.99591,7.));
#259 = CARTESIAN_POINT('',(-24.2989,1.76834,7.));
#260 = CARTESIAN_POINT('',(-26.9833,-0.916096,7.));
#261 = CARTESIAN_POINT('',(-31.5044,-1.62253,7.));
#262 = CARTESIAN_POINT('',(-35.036602,0.,7.));
#263 = CARTESIAN_POINT('',(-39.0627,0.703166,7.));
#264 = CARTESIAN_POINT('',(-43.1988,0.56054,7.));
#265 = CARTESIAN_POINT('',(-46.051353,0.,7.));
#266 = CARTESIAN_POINT('',(-50.9006,-1.12244,7.));
#267 = CARTESIAN_POINT('',(-53.04,-1.29359,7.));
#268 = CARTESIAN_POINT('',(-54.8086,-0.580465,7.));
#269 = CARTESIAN_POINT('',(-56.9765,1.04547,7.));
#270 = CARTESIAN_POINT('',(-56.8624,2.61435,7.));
#271 = CARTESIAN_POINT('',(-56.9359,3.32248,7.));
#272 = FACE_BOUND('',#273,.T.);
#273 = EDGE_LOOP('',(#274,#285));
#274 = ORIENTED_EDGE('',*,*,#275,.F.);
#275 = EDGE_CURVE('',#276,#278,#280,.T.);
#276 = VERTEX_POINT('',#277);
#277 = CARTESIAN_POINT('',(-25.1656,20.236582,7.));
#278 = VERTEX_POINT('',#279);
#279 = CARTESIAN_POINT('',(-2.919867164976E-02,25.772600000062,7.));
#280 = CIRCLE('',#281,13.401754095257);
#281 = AXIS2_PLACEMENT_3D('',#282,#283,#284);
#282 = CARTESIAN_POINT('',(-13.40175409525,26.65678,7.));
#283 = DIRECTION('',(0.,0.,1.));
#284 = DIRECTION('',(1.,0.,0.));
#285 = ORIENTED_EDGE('',*,*,#286,.T.);
#286 = EDGE_CURVE('',#276,#278,#287,.T.);
#287 = B_SPLINE_CURVE_WITH_KNOTS('',3,(#288,#289,#290,#291,#292,#293,
    #294),.UNSPECIFIED.,.F.,.F.,(4,1,1,1,4),(0.,1.,2.,3.,4.),
  .QUASI_UNIFORM_KNOTS.);
#288 = CARTESIAN_POINT('',(-25.1656,20.236582,7.));
#289 = CARTESIAN_POINT('',(-24.0122,22.2171,7.));
#290 = CARTESIAN_POINT('',(-21.7772,23.5165,7.));
#291 = CARTESIAN_POINT('',(-20.8417,24.2961,7.));
#292 = CARTESIAN_POINT('',(-2.39013,27.5706,7.));
#293 = CARTESIAN_POINT('',(-0.893767,26.5765,7.));
#294 = CARTESIAN_POINT('',(-2.919867164976E-02,25.772600000062,7.));
#295 = FACE_BOUND('',#296,.T.);
#296 = EDGE_LOOP('',(#297,#310));
#297 = ORIENTED_EDGE('',*,*,#298,.F.);
#298 = EDGE_CURVE('',#299,#301,#303,.T.);
#299 = VERTEX_POINT('',#300);
#300 = CARTESIAN_POINT('',(-26.78708756369,27.32,7.));
#301 = VERTEX_POINT('',#302);
#302 = CARTESIAN_POINT('',(-1.473193713076,32.765499999999,7.));
#303 = B_SPLINE_CURVE_WITH_KNOTS('',3,(#304,#305,#306,#307,#308,#309),
  .UNSPECIFIED.,.F.,.F.,(4,1,1,4),(0.,1.,2.,3.),.QUASI_UNIFORM_KNOTS.);
#304 = CARTESIAN_POINT('',(-26.78708756369,27.32,7.));
#305 = CARTESIAN_POINT('',(-25.076,25.8897,7.));
#306 = CARTESIAN_POINT('',(-20.8142,26.3632,7.));
#307 = CARTESIAN_POINT('',(-3.76696,29.9621,7.));
#308 = CARTESIAN_POINT('',(-1.96754,30.9092,7.));
#309 = CARTESIAN_POINT('',(-1.473193713076,32.765499999999,7.));
#310 = ORIENTED_EDGE('',*,*,#311,.F.);
#311 = EDGE_CURVE('',#301,#299,#312,.T.);
#312 = CIRCLE('',#313,13.401754095257);
#313 = AXIS2_PLACEMENT_3D('',#314,#315,#316);
#314 = CARTESIAN_POINT('',(-13.40175409525,26.65678,7.));
#315 = DIRECTION('',(0.,0.,1.));
#316 = DIRECTION('',(1.,0.,0.));
#317 = FACE_BOUND('',#318,.T.);
#318 = EDGE_LOOP('',(#319,#330,#338,#347,#355,#363,#371,#379,#387,#395,
    #404,#412,#420,#428,#436,#444,#452,#460,#468,#477,#486,#495,#504,
    #512,#521,#530,#539,#548,#556,#564,#572,#580,#588,#596,#605,#614,
    #622,#630,#638,#646,#654,#662,#670,#678,#687));
#319 = ORIENTED_EDGE('',*,*,#320,.F.);
#320 = EDGE_CURVE('',#321,#323,#325,.T.);
#321 = VERTEX_POINT('',#322);
#322 = CARTESIAN_POINT('',(6.944460417699,-99.7585809317,7.));
#323 = VERTEX_POINT('',#324);
#324 = CARTESIAN_POINT('',(-3.396246939542,-99.94231089346,7.));
#325 = CIRCLE('',#326,100.);
#326 = AXIS2_PLACEMENT_3D('',#327,#328,#329);
#327 = CARTESIAN_POINT('',(0.,0.,7.));
#328 = DIRECTION('',(0.,0.,1.));
#329 = DIRECTION('',(1.,0.,0.));
#330 = ORIENTED_EDGE('',*,*,#331,.T.);
#331 = EDGE_CURVE('',#321,#332,#334,.T.);
#332 = VERTEX_POINT('',#333);
#333 = CARTESIAN_POINT('',(6.9444604177,-50.05779578471,7.));
#334 = LINE('',#335,#336);
#335 = CARTESIAN_POINT('',(6.944460417699,-99.7585809317,7.));
#336 = VECTOR('',#337,1.);
#337 = DIRECTION('',(0.,1.,0.));
#338 = ORIENTED_EDGE('',*,*,#339,.T.);
#339 = EDGE_CURVE('',#332,#340,#342,.T.);
#340 = VERTEX_POINT('',#341);
#341 = CARTESIAN_POINT('',(21.745461700478,-47.86627295135,7.));
#342 = CIRCLE('',#343,200.56754507413);
#343 = AXIS2_PLACEMENT_3D('',#344,#345,#346);
#344 = CARTESIAN_POINT('',(-15.01152325543,149.30437444327,7.));
#345 = DIRECTION('',(0.,0.,1.));
#346 = DIRECTION('',(1.,0.,0.));
#347 = ORIENTED_EDGE('',*,*,#348,.T.);
#348 = EDGE_CURVE('',#340,#349,#351,.T.);
#349 = VERTEX_POINT('',#350);
#350 = CARTESIAN_POINT('',(20.911201,-49.639439,7.));
#351 = LINE('',#352,#353);
#352 = CARTESIAN_POINT('',(21.745461700478,-47.86627295135,7.));
#353 = VECTOR('',#354,1.);
#354 = DIRECTION('',(-0.425725852528,-0.904852197041,0.));
#355 = ORIENTED_EDGE('',*,*,#356,.T.);
#356 = EDGE_CURVE('',#349,#357,#359,.T.);
#357 = VERTEX_POINT('',#358);
#358 = CARTESIAN_POINT('',(25.252464310748,-47.24445324554,7.));
#359 = LINE('',#360,#361);
#360 = CARTESIAN_POINT('',(20.911201,-49.639439,7.));
#361 = VECTOR('',#362,1.);
#362 = DIRECTION('',(0.875594233856,0.483047345131,0.));
#363 = ORIENTED_EDGE('',*,*,#364,.T.);
#364 = EDGE_CURVE('',#357,#365,#367,.T.);
#365 = VERTEX_POINT('',#366);
#366 = CARTESIAN_POINT('',(25.928493,-50.282684,7.));
#367 = LINE('',#368,#369);
#368 = CARTESIAN_POINT('',(25.252464310748,-47.24445324554,7.));
#369 = VECTOR('',#370,1.);
#370 = DIRECTION('',(0.217195678285,-0.976128084492,0.));
#371 = ORIENTED_EDGE('',*,*,#372,.T.);
#372 = EDGE_CURVE('',#365,#373,#375,.T.);
#373 = VERTEX_POINT('',#374);
#374 = CARTESIAN_POINT('',(29.18759,-47.195118,7.));
#375 = LINE('',#376,#377);
#376 = CARTESIAN_POINT('',(25.928493,-50.282684,7.));
#377 = VECTOR('',#378,1.);
#378 = DIRECTION('',(0.72595263708,0.687744697338,0.));
#379 = ORIENTED_EDGE('',*,*,#380,.T.);
#380 = EDGE_CURVE('',#373,#381,#383,.T.);
#381 = VERTEX_POINT('',#382);
#382 = CARTESIAN_POINT('',(30.860023,-48.567368,7.));
#383 = LINE('',#384,#385);
#384 = CARTESIAN_POINT('',(29.18759,-47.195118,7.));
#385 = VECTOR('',#386,1.);
#386 = DIRECTION('',(0.773073986567,-0.634315860825,0.));
#387 = ORIENTED_EDGE('',*,*,#388,.T.);
#388 = EDGE_CURVE('',#381,#389,#391,.T.);
#389 = VERTEX_POINT('',#390);
#390 = CARTESIAN_POINT('',(30.591840281269,-45.12484164095,7.));
#391 = LINE('',#392,#393);
#392 = CARTESIAN_POINT('',(30.860023,-48.567368,7.));
#393 = VECTOR('',#394,1.);
#394 = DIRECTION('',(-7.766756002278E-02,0.996979312784,0.));
#395 = ORIENTED_EDGE('',*,*,#396,.T.);
#396 = EDGE_CURVE('',#389,#397,#399,.T.);
#397 = VERTEX_POINT('',#398);
#398 = CARTESIAN_POINT('',(51.199575922673,-39.10602117919,7.));
#399 = CIRCLE('',#400,199.70575062573);
#400 = AXIS2_PLACEMENT_3D('',#401,#402,#403);
#401 = CARTESIAN_POINT('',(-15.01152325543,149.30437444327,7.));
#402 = DIRECTION('',(0.,0.,1.));
#403 = DIRECTION('',(1.,0.,0.));
#404 = ORIENTED_EDGE('',*,*,#405,.T.);
#405 = EDGE_CURVE('',#397,#406,#408,.T.);
#406 = VERTEX_POINT('',#407);
#407 = CARTESIAN_POINT('',(46.1828,-46.6236,7.));
#408 = LINE('',#409,#410);
#409 = CARTESIAN_POINT('',(51.199575922673,-39.10602117919,7.));
#410 = VECTOR('',#411,1.);
#411 = DIRECTION('',(-0.555087486362,-0.831791970678,0.));
#412 = ORIENTED_EDGE('',*,*,#413,.F.);
#413 = EDGE_CURVE('',#414,#406,#416,.T.);
#414 = VERTEX_POINT('',#415);
#415 = CARTESIAN_POINT('',(44.600099,-50.123912,7.));
#416 = LINE('',#417,#418);
#417 = CARTESIAN_POINT('',(44.600099,-50.123912,7.));
#418 = VECTOR('',#419,1.);
#419 = DIRECTION('',(0.412000720881,0.911183519382,0.));
#420 = ORIENTED_EDGE('',*,*,#421,.F.);
#421 = EDGE_CURVE('',#422,#414,#424,.T.);
#422 = VERTEX_POINT('',#423);
#423 = CARTESIAN_POINT('',(48.46373,-47.924843,7.));
#424 = LINE('',#425,#426);
#425 = CARTESIAN_POINT('',(48.46373,-47.924843,7.));
#426 = VECTOR('',#427,1.);
#427 = DIRECTION('',(-0.86908684231,-0.494659540011,0.));
#428 = ORIENTED_EDGE('',*,*,#429,.F.);
#429 = EDGE_CURVE('',#430,#422,#432,.T.);
#430 = VERTEX_POINT('',#431);
#431 = CARTESIAN_POINT('',(48.664948,-52.236629,7.));
#432 = LINE('',#433,#434);
#433 = CARTESIAN_POINT('',(48.664948,-52.236629,7.));
#434 = VECTOR('',#435,1.);
#435 = DIRECTION('',(-4.661623983935E-02,0.998912872168,0.));
#436 = ORIENTED_EDGE('',*,*,#437,.F.);
#437 = EDGE_CURVE('',#438,#430,#440,.T.);
#438 = VERTEX_POINT('',#439);
#439 = CARTESIAN_POINT('',(51.338257,-49.362106,7.));
#440 = LINE('',#441,#442);
#441 = CARTESIAN_POINT('',(51.338257,-49.362106,7.));
#442 = VECTOR('',#443,1.);
#443 = DIRECTION('',(-0.681012998605,-0.73227132658,0.));
#444 = ORIENTED_EDGE('',*,*,#445,.F.);
#445 = EDGE_CURVE('',#446,#438,#448,.T.);
#446 = VERTEX_POINT('',#447);
#447 = CARTESIAN_POINT('',(52.631465075,-53.96247436,7.));
#448 = LINE('',#449,#450);
#449 = CARTESIAN_POINT('',(52.631465075,-53.96247436,7.));
#450 = VECTOR('',#451,1.);
#451 = DIRECTION('',(-0.270620392107,0.962686139599,0.));
#452 = ORIENTED_EDGE('',*,*,#453,.F.);
#453 = EDGE_CURVE('',#454,#446,#456,.T.);
#454 = VERTEX_POINT('',#455);
#455 = CARTESIAN_POINT('',(53.4367,-49.2184,7.));
#456 = LINE('',#457,#458);
#457 = CARTESIAN_POINT('',(53.4367,-49.2184,7.));
#458 = VECTOR('',#459,1.);
#459 = DIRECTION('',(-0.167341455201,-0.985898999579,0.));
#460 = ORIENTED_EDGE('',*,*,#461,.F.);
#461 = EDGE_CURVE('',#462,#454,#464,.T.);
#462 = VERTEX_POINT('',#463);
#463 = CARTESIAN_POINT('',(61.651346683715,-37.54412077302,7.));
#464 = LINE('',#465,#466);
#465 = CARTESIAN_POINT('',(61.651346683715,-37.54412077302,7.));
#466 = VECTOR('',#467,1.);
#467 = DIRECTION('',(-0.575465910694,-0.817825767281,0.));
#468 = ORIENTED_EDGE('',*,*,#469,.T.);
#469 = EDGE_CURVE('',#462,#470,#472,.T.);
#470 = VERTEX_POINT('',#471);
#471 = CARTESIAN_POINT('',(72.763658475834,-23.64784511478,7.));
#472 = CIRCLE('',#473,25.781682582759);
#473 = AXIS2_PLACEMENT_3D('',#474,#475,#476);
#474 = CARTESIAN_POINT('',(48.308843689362,-15.48345961693,7.));
#475 = DIRECTION('',(0.,0.,1.));
#476 = DIRECTION('',(1.,0.,0.));
#477 = ORIENTED_EDGE('',*,*,#478,.T.);
#478 = EDGE_CURVE('',#470,#479,#481,.T.);
#479 = VERTEX_POINT('',#480);
#480 = CARTESIAN_POINT('',(73.830069233363,-3.E-15,7.));
#481 = CIRCLE('',#482,43.233182195616);
#482 = AXIS2_PLACEMENT_3D('',#483,#484,#485);
#483 = CARTESIAN_POINT('',(31.757610238886,-9.950690273414,7.));
#484 = DIRECTION('',(0.,0.,1.));
#485 = DIRECTION('',(1.,0.,0.));
#486 = ORIENTED_EDGE('',*,*,#487,.T.);
#487 = EDGE_CURVE('',#479,#488,#490,.T.);
#488 = VERTEX_POINT('',#489);
#489 = CARTESIAN_POINT('',(33.056105911118,46.439096502703,7.));
#490 = CIRCLE('',#491,60.590755420837);
#491 = AXIS2_PLACEMENT_3D('',#492,#493,#494);
#492 = CARTESIAN_POINT('',(14.277483287571,-11.16822052239,7.));
#493 = DIRECTION('',(0.,0.,1.));
#494 = DIRECTION('',(1.,0.,0.));
#495 = ORIENTED_EDGE('',*,*,#496,.T.);
#496 = EDGE_CURVE('',#488,#497,#499,.T.);
#497 = VERTEX_POINT('',#498);
#498 = CARTESIAN_POINT('',(8.959309,51.234629447841,7.));
#499 = CIRCLE('',#500,136.29433203227);
#500 = AXIS2_PLACEMENT_3D('',#501,#502,#503);
#501 = CARTESIAN_POINT('',(-5.486428711929,-84.29199378937,7.));
#502 = DIRECTION('',(0.,0.,1.));
#503 = DIRECTION('',(1.,0.,0.));
#504 = ORIENTED_EDGE('',*,*,#505,.F.);
#505 = EDGE_CURVE('',#506,#497,#508,.T.);
#506 = VERTEX_POINT('',#507);
#507 = CARTESIAN_POINT('',(-7.011728584025E-03,51.892110622381,7.));
#508 = LINE('',#509,#510);
#509 = CARTESIAN_POINT('',(-7.011728584025E-03,51.892110622381,7.));
#510 = VECTOR('',#511,1.);
#511 = DIRECTION('',(0.997322305554,-7.313151745283E-02,0.));
#512 = ORIENTED_EDGE('',*,*,#513,.T.);
#513 = EDGE_CURVE('',#506,#514,#516,.T.);
#514 = VERTEX_POINT('',#515);
#515 = CARTESIAN_POINT('',(-55.07417938802,42.661498828175,7.));
#516 = CIRCLE('',#517,136.29429300197);
#517 = AXIS2_PLACEMENT_3D('',#518,#519,#520);
#518 = CARTESIAN_POINT('',(-5.486428711929,-84.29199378937,7.));
#519 = DIRECTION('',(0.,0.,1.));
#520 = DIRECTION('',(1.,0.,0.));
#521 = ORIENTED_EDGE('',*,*,#522,.T.);
#522 = EDGE_CURVE('',#514,#523,#525,.T.);
#523 = VERTEX_POINT('',#524);
#524 = CARTESIAN_POINT('',(-69.10810465726,18.616649799332,7.));
#525 = CIRCLE('',#526,16.878715667468);
#526 = AXIS2_PLACEMENT_3D('',#527,#528,#529);
#527 = CARTESIAN_POINT('',(-53.8471889747,25.827439985792,7.));
#528 = DIRECTION('',(0.,0.,1.));
#529 = DIRECTION('',(1.,0.,0.));
#530 = ORIENTED_EDGE('',*,*,#531,.T.);
#531 = EDGE_CURVE('',#523,#532,#534,.T.);
#532 = VERTEX_POINT('',#533);
#533 = CARTESIAN_POINT('',(-64.43560993223,-26.62541174094,7.));
#534 = CIRCLE('',#535,63.259995447118);
#535 = AXIS2_PLACEMENT_3D('',#536,#537,#538);
#536 = CARTESIAN_POINT('',(-8.053190116392,2.059946190935,7.));
#537 = DIRECTION('',(0.,0.,1.));
#538 = DIRECTION('',(1.,0.,0.));
#539 = ORIENTED_EDGE('',*,*,#540,.T.);
#540 = EDGE_CURVE('',#532,#541,#543,.T.);
#541 = VERTEX_POINT('',#542);
#542 = CARTESIAN_POINT('',(-47.67534774515,-43.1717223953,7.));
#543 = CIRCLE('',#544,55.512907010655);
#544 = AXIS2_PLACEMENT_3D('',#545,#546,#547);
#545 = CARTESIAN_POINT('',(-17.94247154817,3.707259225765,7.));
#546 = DIRECTION('',(0.,0.,1.));
#547 = DIRECTION('',(1.,0.,0.));
#548 = ORIENTED_EDGE('',*,*,#549,.T.);
#549 = EDGE_CURVE('',#541,#550,#552,.T.);
#550 = VERTEX_POINT('',#551);
#551 = CARTESIAN_POINT('',(-65.0539,-60.8047,7.));
#552 = LINE('',#553,#554);
#553 = CARTESIAN_POINT('',(-47.67534774515,-43.1717223953,7.));
#554 = VECTOR('',#555,1.);
#555 = DIRECTION('',(-0.701949771647,-0.712226451408,0.));
#556 = ORIENTED_EDGE('',*,*,#557,.F.);
#557 = EDGE_CURVE('',#558,#550,#560,.T.);
#558 = VERTEX_POINT('',#559);
#559 = CARTESIAN_POINT('',(-61.206276,-60.261829,7.));
#560 = LINE('',#561,#562);
#561 = CARTESIAN_POINT('',(-61.206276,-60.261829,7.));
#562 = VECTOR('',#563,1.);
#563 = DIRECTION('',(-0.990192635784,-0.139708782974,0.));
#564 = ORIENTED_EDGE('',*,*,#565,.F.);
#565 = EDGE_CURVE('',#566,#558,#568,.T.);
#566 = VERTEX_POINT('',#567);
#567 = CARTESIAN_POINT('',(-63.137299,-65.071831,7.));
#568 = LINE('',#569,#570);
#569 = CARTESIAN_POINT('',(-63.137299,-65.071831,7.));
#570 = VECTOR('',#571,1.);
#571 = DIRECTION('',(0.372558326554,0.928008778684,0.));
#572 = ORIENTED_EDGE('',*,*,#573,.F.);
#573 = EDGE_CURVE('',#574,#566,#576,.T.);
#574 = VERTEX_POINT('',#575);
#575 = CARTESIAN_POINT('',(-58.678391,-63.842999,7.));
#576 = LINE('',#577,#578);
#577 = CARTESIAN_POINT('',(-58.678391,-63.842999,7.));
#578 = VECTOR('',#579,1.);
#579 = DIRECTION('',(-0.964059741049,-0.265685557924,0.));
#580 = ORIENTED_EDGE('',*,*,#581,.F.);
#581 = EDGE_CURVE('',#582,#574,#584,.T.);
#582 = VERTEX_POINT('',#583);
#583 = CARTESIAN_POINT('',(-58.9265,-67.2596,7.));
#584 = LINE('',#585,#586);
#585 = CARTESIAN_POINT('',(-58.9265,-67.2596,7.));
#586 = VECTOR('',#587,1.);
#587 = DIRECTION('',(7.242794179718E-02,0.99737364776,0.));
#588 = ORIENTED_EDGE('',*,*,#589,.F.);
#589 = EDGE_CURVE('',#590,#582,#592,.T.);
#590 = VERTEX_POINT('',#591);
#591 = CARTESIAN_POINT('',(-40.79619939475,-46.82547275831,7.));
#592 = LINE('',#593,#594);
#593 = CARTESIAN_POINT('',(-40.79619939475,-46.82547275831,7.));
#594 = VECTOR('',#595,1.);
#595 = DIRECTION('',(-0.663681219471,-0.748015533877,0.));
#596 = ORIENTED_EDGE('',*,*,#597,.T.);
#597 = EDGE_CURVE('',#590,#598,#600,.T.);
#598 = VERTEX_POINT('',#599);
#599 = CARTESIAN_POINT('',(-27.22231915305,-50.97120368872,7.));
#600 = CIRCLE('',#601,55.460345096843);
#601 = AXIS2_PLACEMENT_3D('',#602,#603,#604);
#602 = CARTESIAN_POINT('',(-17.94247154817,3.707259225765,7.));
#603 = DIRECTION('',(0.,0.,1.));
#604 = DIRECTION('',(1.,0.,0.));
#605 = ORIENTED_EDGE('',*,*,#606,.T.);
#606 = EDGE_CURVE('',#598,#607,#609,.T.);
#607 = VERTEX_POINT('',#608);
#608 = CARTESIAN_POINT('',(-18.83315044204,-51.30670675167,7.));
#609 = CIRCLE('',#610,200.64747875953);
#610 = AXIS2_PLACEMENT_3D('',#611,#612,#613);
#611 = CARTESIAN_POINT('',(-15.01152325543,149.30437444327,7.));
#612 = DIRECTION('',(0.,0.,1.));
#613 = DIRECTION('',(1.,0.,0.));
#614 = ORIENTED_EDGE('',*,*,#615,.T.);
#615 = EDGE_CURVE('',#607,#616,#618,.T.);
#616 = VERTEX_POINT('',#617);
#617 = CARTESIAN_POINT('',(-20.88151486077,-73.66161179766,7.));
#618 = LINE('',#619,#620);
#619 = CARTESIAN_POINT('',(-18.83315044204,-51.30670675167,7.));
#620 = VECTOR('',#621,1.);
#621 = DIRECTION('',(-9.124705401099E-02,-0.995828285968,0.));
#622 = ORIENTED_EDGE('',*,*,#623,.F.);
#623 = EDGE_CURVE('',#624,#616,#626,.T.);
#624 = VERTEX_POINT('',#625);
#625 = CARTESIAN_POINT('',(-21.14136599122,-76.49750687485,7.));
#626 = LINE('',#627,#628);
#627 = CARTESIAN_POINT('',(-21.14136599122,-76.49750687485,7.));
#628 = VECTOR('',#629,1.);
#629 = DIRECTION('',(9.124706609767E-02,0.995828284861,0.));
#630 = ORIENTED_EDGE('',*,*,#631,.F.);
#631 = EDGE_CURVE('',#632,#624,#634,.T.);
#632 = VERTEX_POINT('',#633);
#633 = CARTESIAN_POINT('',(-18.285065,-73.511192,7.));
#634 = LINE('',#635,#636);
#635 = CARTESIAN_POINT('',(-18.285065,-73.511192,7.));
#636 = VECTOR('',#637,1.);
#637 = DIRECTION('',(-0.691200643691,-0.722662902162,0.));
#638 = ORIENTED_EDGE('',*,*,#639,.F.);
#639 = EDGE_CURVE('',#640,#632,#642,.T.);
#640 = VERTEX_POINT('',#641);
#641 = CARTESIAN_POINT('',(-16.98601,-78.321205,7.));
#642 = LINE('',#643,#644);
#643 = CARTESIAN_POINT('',(-16.98601,-78.321205,7.));
#644 = VECTOR('',#645,1.);
#645 = DIRECTION('',(-0.260731605337,0.965411326834,0.));
#646 = ORIENTED_EDGE('',*,*,#647,.F.);
#647 = EDGE_CURVE('',#648,#640,#650,.T.);
#648 = VERTEX_POINT('',#649);
#649 = CARTESIAN_POINT('',(-14.493227,-74.108055,7.));
#650 = LINE('',#651,#652);
#651 = CARTESIAN_POINT('',(-14.493227,-74.108055,7.));
#652 = VECTOR('',#653,1.);
#653 = DIRECTION('',(-0.509212882128,-0.860640599016,0.));
#654 = ORIENTED_EDGE('',*,*,#655,.F.);
#655 = EDGE_CURVE('',#656,#648,#658,.T.);
#656 = VERTEX_POINT('',#657);
#657 = CARTESIAN_POINT('',(-12.140882,-76.951935,7.));
#658 = LINE('',#659,#660);
#659 = CARTESIAN_POINT('',(-12.140882,-76.951935,7.));
#660 = VECTOR('',#661,1.);
#661 = DIRECTION('',(-0.637372972375,0.770555445173,0.));
#662 = ORIENTED_EDGE('',*,*,#663,.F.);
#663 = EDGE_CURVE('',#664,#656,#666,.T.);
#664 = VERTEX_POINT('',#665);
#665 = CARTESIAN_POINT('',(-12.4538,-74.1388,7.));
#666 = LINE('',#667,#668);
#667 = CARTESIAN_POINT('',(-12.4538,-74.1388,7.));
#668 = VECTOR('',#669,1.);
#669 = DIRECTION('',(0.110552779137,-0.993870254623,0.));
#670 = ORIENTED_EDGE('',*,*,#671,.F.);
#671 = EDGE_CURVE('',#672,#664,#674,.T.);
#672 = VERTEX_POINT('',#673);
#673 = CARTESIAN_POINT('',(-10.35724357356,-51.2091606345,7.));
#674 = LINE('',#675,#676);
#675 = CARTESIAN_POINT('',(-10.35724357356,-51.2091606345,7.));
#676 = VECTOR('',#677,1.);
#677 = DIRECTION('',(-9.105451281897E-02,-0.995845909614,0.));
#678 = ORIENTED_EDGE('',*,*,#679,.T.);
#679 = EDGE_CURVE('',#672,#680,#682,.T.);
#680 = VERTEX_POINT('',#681);
#681 = CARTESIAN_POINT('',(-3.396246939542,-50.9265557969,7.));
#682 = CIRCLE('',#683,200.56754490381);
#683 = AXIS2_PLACEMENT_3D('',#684,#685,#686);
#684 = CARTESIAN_POINT('',(-15.01152325543,149.30437444327,7.));
#685 = DIRECTION('',(0.,0.,1.));
#686 = DIRECTION('',(1.,0.,0.));
#687 = ORIENTED_EDGE('',*,*,#688,.T.);
#688 = EDGE_CURVE('',#680,#323,#689,.T.);
#689 = LINE('',#690,#691);
#690 = CARTESIAN_POINT('',(-3.396246939542,-50.9265557969,7.));
#691 = VECTOR('',#692,1.);
#692 = DIRECTION('',(0.,-1.,0.));
#693 = PLANE('',#694);
#694 = AXIS2_PLACEMENT_3D('',#695,#696,#697);
#695 = CARTESIAN_POINT('',(-6.027275084823,-5.234039778815,7.));
#696 = DIRECTION('',(0.,0.,1.));
#697 = DIRECTION('',(1.,0.,0.));
#698 = ADVANCED_FACE('',(#699,#702,#848,#871,#893,#920,#943,#965),#1341,
  .F.);
#699 = FACE_BOUND('',#700,.F.);
#700 = EDGE_LOOP('',(#701));
#701 = ORIENTED_EDGE('',*,*,#31,.T.);
#702 = FACE_BOUND('',#703,.F.);
#703 = EDGE_LOOP('',(#704,#714,#722,#730,#738,#746,#754,#762,#770,#778,
    #786,#794,#802,#810,#818,#826,#834,#842));
#704 = ORIENTED_EDGE('',*,*,#705,.F.);
#705 = EDGE_CURVE('',#706,#708,#710,.T.);
#706 = VERTEX_POINT('',#707);
#707 = CARTESIAN_POINT('',(40.852353,31.128668,5.));
#708 = VERTEX_POINT('',#709);
#709 = CARTESIAN_POINT('',(20.306588,36.709107,5.));
#710 = LINE('',#711,#712);
#711 = CARTESIAN_POINT('',(13.349023443069,38.598852385412,5.));
#712 = VECTOR('',#713,1.);
#713 = DIRECTION('',(-0.965036953843,0.262113864033,0.));
#714 = ORIENTED_EDGE('',*,*,#715,.F.);
#715 = EDGE_CURVE('',#716,#706,#718,.T.);
#716 = VERTEX_POINT('',#717);
#717 = CARTESIAN_POINT('',(57.65321,16.70151,5.));
#718 = LINE('',#719,#720);
#719 = CARTESIAN_POINT('',(36.347209855979,34.9973046982,5.));
#720 = VECTOR('',#721,1.);
#721 = DIRECTION('',(-0.758666715703,0.651478944008,0.));
#722 = ORIENTED_EDGE('',*,*,#723,.F.);
#723 = EDGE_CURVE('',#724,#716,#726,.T.);
#724 = VERTEX_POINT('',#725);
#725 = CARTESIAN_POINT('',(65.182171,-7.119347,5.));
#726 = LINE('',#727,#728);
#727 = CARTESIAN_POINT('',(57.913028703211,15.879470388543,5.));
#728 = VECTOR('',#729,1.);
#729 = DIRECTION('',(-0.301371046206,0.953506944133,0.));
#730 = ORIENTED_EDGE('',*,*,#731,.F.);
#731 = EDGE_CURVE('',#732,#724,#734,.T.);
#732 = VERTEX_POINT('',#733);
#733 = CARTESIAN_POINT('',(61.644025,-22.946623,5.));
#734 = LINE('',#735,#736);
#735 = CARTESIAN_POINT('',(63.688264289439,-13.8020768326,5.));
#736 = VECTOR('',#737,1.);
#737 = DIRECTION('',(0.218162659794,0.97591242121,0.));
#738 = ORIENTED_EDGE('',*,*,#739,.F.);
#739 = EDGE_CURVE('',#740,#732,#742,.T.);
#740 = VERTEX_POINT('',#741);
#741 = CARTESIAN_POINT('',(39.632706,-34.769803,5.));
#742 = LINE('',#743,#744);
#743 = CARTESIAN_POINT('',(39.0766101961,-35.06850480822,5.));
#744 = VECTOR('',#745,1.);
#745 = DIRECTION('',(0.880956282718,0.473197662653,0.));
#746 = ORIENTED_EDGE('',*,*,#747,.F.);
#747 = EDGE_CURVE('',#748,#740,#750,.T.);
#748 = VERTEX_POINT('',#749);
#749 = CARTESIAN_POINT('',(23.852555,-39.032034,5.));
#750 = LINE('',#751,#752);
#751 = CARTESIAN_POINT('',(22.07261789774,-39.51279638911,5.));
#752 = VECTOR('',#753,1.);
#753 = DIRECTION('',(0.965404595411,0.260756528509,0.));
#754 = ORIENTED_EDGE('',*,*,#755,.F.);
#755 = EDGE_CURVE('',#756,#748,#758,.T.);
#756 = VERTEX_POINT('',#757);
#757 = CARTESIAN_POINT('',(-1.423799,-40.716531,5.));
#758 = LINE('',#759,#760);
#759 = CARTESIAN_POINT('',(10.099922903118,-39.94855334884,5.));
#760 = VECTOR('',#761,1.);
#761 = DIRECTION('',(0.99778671196,6.649569486709E-02,0.));
#762 = ORIENTED_EDGE('',*,*,#763,.F.);
#763 = EDGE_CURVE('',#764,#756,#766,.T.);
#764 = VERTEX_POINT('',#765);
#765 = CARTESIAN_POINT('',(-29.393225,-40.716531,5.));
#766 = LINE('',#767,#768);
#767 = CARTESIAN_POINT('',(-3.725537042412,-40.716531,5.));
#768 = VECTOR('',#769,1.);
#769 = DIRECTION('',(1.,0.,0.));
#770 = ORIENTED_EDGE('',*,*,#771,.F.);
#771 = EDGE_CURVE('',#772,#764,#774,.T.);
#772 = VERTEX_POINT('',#773);
#773 = CARTESIAN_POINT('',(-48.213987,-33.10385,5.));
#774 = LINE('',#775,#776);
#775 = CARTESIAN_POINT('',(-25.51997429318,-42.28319562622,5.));
#776 = VECTOR('',#777,1.);
#777 = DIRECTION('',(0.927036661168,-0.37497070399,0.));
#778 = ORIENTED_EDGE('',*,*,#779,.F.);
#779 = EDGE_CURVE('',#780,#772,#782,.T.);
#780 = VERTEX_POINT('',#781);
#781 = CARTESIAN_POINT('',(-56.081876,-18.314598,5.));
#782 = LINE('',#783,#784);
#783 = CARTESIAN_POINT('',(-49.33901583074,-30.98913601698,5.));
#784 = VECTOR('',#785,1.);
#785 = DIRECTION('',(0.469671859986,-0.882841063803,0.));
#786 = ORIENTED_EDGE('',*,*,#787,.F.);
#787 = EDGE_CURVE('',#788,#780,#790,.T.);
#788 = VERTEX_POINT('',#789);
#789 = CARTESIAN_POINT('',(-53.309489,-9.847792,5.));
#790 = LINE('',#791,#792);
#791 = CARTESIAN_POINT('',(-51.7241591767,-5.006231258354,5.));
#792 = VECTOR('',#793,1.);
#793 = DIRECTION('',(-0.311184271545,-0.95034959312,0.));
#794 = ORIENTED_EDGE('',*,*,#795,.F.);
#795 = EDGE_CURVE('',#796,#788,#798,.T.);
#796 = VERTEX_POINT('',#797);
#797 = CARTESIAN_POINT('',(-35.909999,-8.693199,5.));
#798 = LINE('',#799,#800);
#799 = CARTESIAN_POINT('',(-29.61961784752,-8.275782739754,5.));
#800 = VECTOR('',#801,1.);
#801 = DIRECTION('',(-0.997805561443,-6.621224625565E-02,0.));
#802 = ORIENTED_EDGE('',*,*,#803,.F.);
#803 = EDGE_CURVE('',#804,#796,#806,.T.);
#804 = VERTEX_POINT('',#805);
#805 = CARTESIAN_POINT('',(-16.420254,-6.97999,5.));
#806 = LINE('',#807,#808);
#807 = CARTESIAN_POINT('',(-20.93233338086,-7.376615764165,5.));
#808 = VECTOR('',#809,1.);
#809 = DIRECTION('',(-0.996158769007,-8.756544369832E-02,0.));
#810 = ORIENTED_EDGE('',*,*,#811,.F.);
#811 = EDGE_CURVE('',#812,#804,#814,.T.);
#812 = VERTEX_POINT('',#813);
#813 = CARTESIAN_POINT('',(-7.064743,1.865983,5.));
#814 = LINE('',#815,#816);
#815 = CARTESIAN_POINT('',(-13.2408470882,-3.973746118962,5.));
#816 = VECTOR('',#817,1.);
#817 = DIRECTION('',(-0.726617085783,-0.687042655625,0.));
#818 = ORIENTED_EDGE('',*,*,#819,.F.);
#819 = EDGE_CURVE('',#820,#812,#822,.T.);
#820 = VERTEX_POINT('',#821);
#821 = CARTESIAN_POINT('',(6.061939,8.509444,5.));
#822 = LINE('',#823,#824);
#823 = CARTESIAN_POINT('',(-8.082096730284,1.35109661589,5.));
#824 = VECTOR('',#825,1.);
#825 = DIRECTION('',(-0.892238234696,-0.451564981532,0.));
#826 = ORIENTED_EDGE('',*,*,#827,.F.);
#827 = EDGE_CURVE('',#828,#820,#830,.T.);
#828 = VERTEX_POINT('',#829);
#829 = CARTESIAN_POINT('',(10.317346,22.263138,5.));
#830 = LINE('',#831,#832);
#831 = CARTESIAN_POINT('',(3.59347450081,0.531239947669,5.));
#832 = VECTOR('',#833,1.);
#833 = DIRECTION('',(-0.29557668175,-0.955319017505,0.));
#834 = ORIENTED_EDGE('',*,*,#835,.F.);
#835 = EDGE_CURVE('',#836,#828,#838,.T.);
#836 = VERTEX_POINT('',#837);
#837 = CARTESIAN_POINT('',(7.030323,33.296049,5.));
#838 = LINE('',#839,#840);
#839 = CARTESIAN_POINT('',(13.413261808179,11.871679353336,5.));
#840 = VECTOR('',#841,1.);
#841 = DIRECTION('',(0.285526370686,-0.958370852876,0.));
#842 = ORIENTED_EDGE('',*,*,#843,.F.);
#843 = EDGE_CURVE('',#708,#836,#844,.T.);
#844 = LINE('',#845,#846);
#845 = CARTESIAN_POINT('',(-3.739359619222,30.527382404312,5.));
#846 = VECTOR('',#847,1.);
#847 = DIRECTION('',(-0.968507688253,-0.248983649653,0.));
#848 = FACE_BOUND('',#849,.F.);
#849 = EDGE_LOOP('',(#850,#861));
#850 = ORIENTED_EDGE('',*,*,#851,.F.);
#851 = EDGE_CURVE('',#852,#854,#856,.T.);
#852 = VERTEX_POINT('',#853);
#853 = CARTESIAN_POINT('',(-66.75592264555,23.285400000001,5.));
#854 = VERTEX_POINT('',#855);
#855 = CARTESIAN_POINT('',(-46.84603506139,22.730200000002,5.));
#856 = CIRCLE('',#857,10.344327722969);
#857 = AXIS2_PLACEMENT_3D('',#858,#859,#860);
#858 = CARTESIAN_POINT('',(-56.72299339264,25.804417,5.));
#859 = DIRECTION('',(0.,0.,1.));
#860 = DIRECTION('',(1.,0.,0.));
#861 = ORIENTED_EDGE('',*,*,#862,.F.);
#862 = EDGE_CURVE('',#854,#852,#863,.T.);
#863 = B_SPLINE_CURVE_WITH_KNOTS('',3,(#864,#865,#866,#867,#868,#869,
    #870),.UNSPECIFIED.,.F.,.F.,(4,1,1,1,4),(0.,1.,2.,3.,4.),
  .QUASI_UNIFORM_KNOTS.);
#864 = CARTESIAN_POINT('',(-46.84603506139,22.7302,5.));
#865 = CARTESIAN_POINT('',(-47.9109,24.0497,5.));
#866 = CARTESIAN_POINT('',(-49.6131,24.6454,5.));
#867 = CARTESIAN_POINT('',(-55.0601,25.1135,5.));
#868 = CARTESIAN_POINT('',(-64.6774,25.2838,5.));
#869 = CARTESIAN_POINT('',(-65.9115,24.2199,5.));
#870 = CARTESIAN_POINT('',(-66.75592264555,23.285400000001,5.));
#871 = FACE_BOUND('',#872,.F.);
#872 = EDGE_LOOP('',(#873,#886));
#873 = ORIENTED_EDGE('',*,*,#874,.F.);
#874 = EDGE_CURVE('',#875,#877,#879,.T.);
#875 = VERTEX_POINT('',#876);
#876 = CARTESIAN_POINT('',(-65.9955,30.3898,5.));
#877 = VERTEX_POINT('',#878);
#878 = CARTESIAN_POINT('',(-47.0179,29.3844,5.));
#879 = B_SPLINE_CURVE_WITH_KNOTS('',3,(#880,#881,#882,#883,#884,#885),
  .UNSPECIFIED.,.F.,.F.,(4,1,1,4),(0.,1.,2.,3.),.QUASI_UNIFORM_KNOTS.);
#880 = CARTESIAN_POINT('',(-65.9955,30.3898,5.));
#881 = CARTESIAN_POINT('',(-65.1455,28.5179,5.));
#882 = CARTESIAN_POINT('',(-62.4645,27.8796,5.));
#883 = CARTESIAN_POINT('',(-50.6344,26.9859,5.));
#884 = CARTESIAN_POINT('',(-48.1237,27.837,5.));
#885 = CARTESIAN_POINT('',(-47.0179,29.3844,5.));
#886 = ORIENTED_EDGE('',*,*,#887,.F.);
#887 = EDGE_CURVE('',#877,#875,#888,.T.);
#888 = CIRCLE('',#889,10.344327722969);
#889 = AXIS2_PLACEMENT_3D('',#890,#891,#892);
#890 = CARTESIAN_POINT('',(-56.72299339264,25.804417,5.));
#891 = DIRECTION('',(0.,0.,1.));
#892 = DIRECTION('',(1.,0.,0.));
#893 = FACE_BOUND('',#894,.F.);
#894 = EDGE_LOOP('',(#895));
#895 = ORIENTED_EDGE('',*,*,#896,.T.);
#896 = EDGE_CURVE('',#897,#897,#899,.T.);
#897 = VERTEX_POINT('',#898);
#898 = CARTESIAN_POINT('',(-56.9359,3.32248,5.));
#899 = B_SPLINE_CURVE_WITH_KNOTS('',3,(#900,#901,#902,#903,#904,#905,
    #906,#907,#908,#909,#910,#911,#912,#913,#914,#915,#916,#917,#918,
    #919),.UNSPECIFIED.,.T.,.F.,(4,1,1,1,1,1,1,1,1,1,1,1,1,1,1,1,1,4),(
    0.,1.,2.,3.,4.,5.,6.,7.,8.,9.,10.,11.,12.,13.,14.,15.,16.,17.),
  .QUASI_UNIFORM_KNOTS.);
#900 = CARTESIAN_POINT('',(-56.9359,3.32248,5.));
#901 = CARTESIAN_POINT('',(-55.0992,6.1482,5.));
#902 = CARTESIAN_POINT('',(-53.4038,9.25649,5.));
#903 = CARTESIAN_POINT('',(-47.0459,11.0932,5.));
#904 = CARTESIAN_POINT('',(-39.699,11.9409,5.));
#905 = CARTESIAN_POINT('',(-29.809,10.3868,5.));
#906 = CARTESIAN_POINT('',(-25.853,6.99591,5.));
#907 = CARTESIAN_POINT('',(-24.2989,1.76834,5.));
#908 = CARTESIAN_POINT('',(-26.9833,-0.916096,5.));
#909 = CARTESIAN_POINT('',(-31.5044,-1.62253,5.));
#910 = CARTESIAN_POINT('',(-35.036602,0.,5.));
#911 = CARTESIAN_POINT('',(-39.0627,0.703166,5.));
#912 = CARTESIAN_POINT('',(-43.1988,0.56054,5.));
#913 = CARTESIAN_POINT('',(-46.051353,0.,5.));
#914 = CARTESIAN_POINT('',(-50.9006,-1.12244,5.));
#915 = CARTESIAN_POINT('',(-53.04,-1.29359,5.));
#916 = CARTESIAN_POINT('',(-54.8086,-0.580465,5.));
#917 = CARTESIAN_POINT('',(-56.9765,1.04547,5.));
#918 = CARTESIAN_POINT('',(-56.8624,2.61435,5.));
#919 = CARTESIAN_POINT('',(-56.9359,3.32248,5.));
#920 = FACE_BOUND('',#921,.F.);
#921 = EDGE_LOOP('',(#922,#933));
#922 = ORIENTED_EDGE('',*,*,#923,.F.);
#923 = EDGE_CURVE('',#924,#926,#928,.T.);
#924 = VERTEX_POINT('',#925);
#925 = CARTESIAN_POINT('',(-25.1656,20.236582,5.));
#926 = VERTEX_POINT('',#927);
#927 = CARTESIAN_POINT('',(-2.919867164976E-02,25.772600000062,5.));
#928 = CIRCLE('',#929,13.401754095257);
#929 = AXIS2_PLACEMENT_3D('',#930,#931,#932);
#930 = CARTESIAN_POINT('',(-13.40175409525,26.65678,5.));
#931 = DIRECTION('',(0.,0.,1.));
#932 = DIRECTION('',(1.,0.,0.));
#933 = ORIENTED_EDGE('',*,*,#934,.T.);
#934 = EDGE_CURVE('',#924,#926,#935,.T.);
#935 = B_SPLINE_CURVE_WITH_KNOTS('',3,(#936,#937,#938,#939,#940,#941,
    #942),.UNSPECIFIED.,.F.,.F.,(4,1,1,1,4),(0.,1.,2.,3.,4.),
  .QUASI_UNIFORM_KNOTS.);
#936 = CARTESIAN_POINT('',(-25.1656,20.236582,5.));
#937 = CARTESIAN_POINT('',(-24.0122,22.2171,5.));
#938 = CARTESIAN_POINT('',(-21.7772,23.5165,5.));
#939 = CARTESIAN_POINT('',(-20.8417,24.2961,5.));
#940 = CARTESIAN_POINT('',(-2.39013,27.5706,5.));
#941 = CARTESIAN_POINT('',(-0.893767,26.5765,5.));
#942 = CARTESIAN_POINT('',(-2.919867164976E-02,25.772600000062,5.));
#943 = FACE_BOUND('',#944,.F.);
#944 = EDGE_LOOP('',(#945,#958));
#945 = ORIENTED_EDGE('',*,*,#946,.F.);
#946 = EDGE_CURVE('',#947,#949,#951,.T.);
#947 = VERTEX_POINT('',#948);
#948 = CARTESIAN_POINT('',(-26.78708756369,27.32,5.));
#949 = VERTEX_POINT('',#950);
#950 = CARTESIAN_POINT('',(-1.473193713076,32.765499999999,5.));
#951 = B_SPLINE_CURVE_WITH_KNOTS('',3,(#952,#953,#954,#955,#956,#957),
  .UNSPECIFIED.,.F.,.F.,(4,1,1,4),(0.,1.,2.,3.),.QUASI_UNIFORM_KNOTS.);
#952 = CARTESIAN_POINT('',(-26.78708756369,27.32,5.));
#953 = CARTESIAN_POINT('',(-25.076,25.8897,5.));
#954 = CARTESIAN_POINT('',(-20.8142,26.3632,5.));
#955 = CARTESIAN_POINT('',(-3.76696,29.9621,5.));
#956 = CARTESIAN_POINT('',(-1.96754,30.9092,5.));
#957 = CARTESIAN_POINT('',(-1.473193713076,32.765499999999,5.));
#958 = ORIENTED_EDGE('',*,*,#959,.F.);
#959 = EDGE_CURVE('',#949,#947,#960,.T.);
#960 = CIRCLE('',#961,13.401754095257);
#961 = AXIS2_PLACEMENT_3D('',#962,#963,#964);
#962 = CARTESIAN_POINT('',(-13.40175409525,26.65678,5.));
#963 = DIRECTION('',(0.,0.,1.));
#964 = DIRECTION('',(1.,0.,0.));
#965 = FACE_BOUND('',#966,.F.);
#966 = EDGE_LOOP('',(#967,#978,#986,#995,#1003,#1011,#1019,#1027,#1035,
    #1043,#1052,#1060,#1068,#1076,#1084,#1092,#1100,#1108,#1116,#1125,
    #1134,#1143,#1152,#1160,#1169,#1178,#1187,#1196,#1204,#1212,#1220,
    #1228,#1236,#1244,#1253,#1262,#1270,#1278,#1286,#1294,#1302,#1310,
    #1318,#1326,#1335));
#967 = ORIENTED_EDGE('',*,*,#968,.F.);
#968 = EDGE_CURVE('',#969,#971,#973,.T.);
#969 = VERTEX_POINT('',#970);
#970 = CARTESIAN_POINT('',(6.944460417699,-99.7585809317,5.));
#971 = VERTEX_POINT('',#972);
#972 = CARTESIAN_POINT('',(-3.396246939542,-99.94231089346,5.));
#973 = CIRCLE('',#974,100.);
#974 = AXIS2_PLACEMENT_3D('',#975,#976,#977);
#975 = CARTESIAN_POINT('',(0.,0.,5.));
#976 = DIRECTION('',(0.,0.,1.));
#977 = DIRECTION('',(1.,0.,0.));
#978 = ORIENTED_EDGE('',*,*,#979,.T.);
#979 = EDGE_CURVE('',#969,#980,#982,.T.);
#980 = VERTEX_POINT('',#981);
#981 = CARTESIAN_POINT('',(6.9444604177,-50.05779578471,5.));
#982 = LINE('',#983,#984);
#983 = CARTESIAN_POINT('',(6.944460417699,-99.7585809317,5.));
#984 = VECTOR('',#985,1.);
#985 = DIRECTION('',(0.,1.,0.));
#986 = ORIENTED_EDGE('',*,*,#987,.T.);
#987 = EDGE_CURVE('',#980,#988,#990,.T.);
#988 = VERTEX_POINT('',#989);
#989 = CARTESIAN_POINT('',(21.745461700478,-47.86627295135,5.));
#990 = CIRCLE('',#991,200.56754507413);
#991 = AXIS2_PLACEMENT_3D('',#992,#993,#994);
#992 = CARTESIAN_POINT('',(-15.01152325543,149.30437444327,5.));
#993 = DIRECTION('',(0.,0.,1.));
#994 = DIRECTION('',(1.,0.,0.));
#995 = ORIENTED_EDGE('',*,*,#996,.T.);
#996 = EDGE_CURVE('',#988,#997,#999,.T.);
#997 = VERTEX_POINT('',#998);
#998 = CARTESIAN_POINT('',(20.911201,-49.639439,5.));
#999 = LINE('',#1000,#1001);
#1000 = CARTESIAN_POINT('',(21.745461700478,-47.86627295135,5.));
#1001 = VECTOR('',#1002,1.);
#1002 = DIRECTION('',(-0.425725852528,-0.904852197041,0.));
#1003 = ORIENTED_EDGE('',*,*,#1004,.T.);
#1004 = EDGE_CURVE('',#997,#1005,#1007,.T.);
#1005 = VERTEX_POINT('',#1006);
#1006 = CARTESIAN_POINT('',(25.252464310748,-47.24445324554,5.));
#1007 = LINE('',#1008,#1009);
#1008 = CARTESIAN_POINT('',(20.911201,-49.639439,5.));
#1009 = VECTOR('',#1010,1.);
#1010 = DIRECTION('',(0.875594233856,0.483047345131,0.));
#1011 = ORIENTED_EDGE('',*,*,#1012,.T.);
#1012 = EDGE_CURVE('',#1005,#1013,#1015,.T.);
#1013 = VERTEX_POINT('',#1014);
#1014 = CARTESIAN_POINT('',(25.928493,-50.282684,5.));
#1015 = LINE('',#1016,#1017);
#1016 = CARTESIAN_POINT('',(25.252464310748,-47.24445324554,5.));
#1017 = VECTOR('',#1018,1.);
#1018 = DIRECTION('',(0.217195678285,-0.976128084492,0.));
#1019 = ORIENTED_EDGE('',*,*,#1020,.T.);
#1020 = EDGE_CURVE('',#1013,#1021,#1023,.T.);
#1021 = VERTEX_POINT('',#1022);
#1022 = CARTESIAN_POINT('',(29.18759,-47.195118,5.));
#1023 = LINE('',#1024,#1025);
#1024 = CARTESIAN_POINT('',(25.928493,-50.282684,5.));
#1025 = VECTOR('',#1026,1.);
#1026 = DIRECTION('',(0.72595263708,0.687744697338,0.));
#1027 = ORIENTED_EDGE('',*,*,#1028,.T.);
#1028 = EDGE_CURVE('',#1021,#1029,#1031,.T.);
#1029 = VERTEX_POINT('',#1030);
#1030 = CARTESIAN_POINT('',(30.860023,-48.567368,5.));
#1031 = LINE('',#1032,#1033);
#1032 = CARTESIAN_POINT('',(29.18759,-47.195118,5.));
#1033 = VECTOR('',#1034,1.);
#1034 = DIRECTION('',(0.773073986567,-0.634315860825,0.));
#1035 = ORIENTED_EDGE('',*,*,#1036,.T.);
#1036 = EDGE_CURVE('',#1029,#1037,#1039,.T.);
#1037 = VERTEX_POINT('',#1038);
#1038 = CARTESIAN_POINT('',(30.591840281269,-45.12484164095,5.));
#1039 = LINE('',#1040,#1041);
#1040 = CARTESIAN_POINT('',(30.860023,-48.567368,5.));
#1041 = VECTOR('',#1042,1.);
#1042 = DIRECTION('',(-7.766756002278E-02,0.996979312784,0.));
#1043 = ORIENTED_EDGE('',*,*,#1044,.T.);
#1044 = EDGE_CURVE('',#1037,#1045,#1047,.T.);
#1045 = VERTEX_POINT('',#1046);
#1046 = CARTESIAN_POINT('',(51.199575922673,-39.10602117919,5.));
#1047 = CIRCLE('',#1048,199.70575062573);
#1048 = AXIS2_PLACEMENT_3D('',#1049,#1050,#1051);
#1049 = CARTESIAN_POINT('',(-15.01152325543,149.30437444327,5.));
#1050 = DIRECTION('',(0.,0.,1.));
#1051 = DIRECTION('',(1.,0.,0.));
#1052 = ORIENTED_EDGE('',*,*,#1053,.T.);
#1053 = EDGE_CURVE('',#1045,#1054,#1056,.T.);
#1054 = VERTEX_POINT('',#1055);
#1055 = CARTESIAN_POINT('',(46.1828,-46.6236,5.));
#1056 = LINE('',#1057,#1058);
#1057 = CARTESIAN_POINT('',(51.199575922673,-39.10602117919,5.));
#1058 = VECTOR('',#1059,1.);
#1059 = DIRECTION('',(-0.555087486362,-0.831791970678,0.));
#1060 = ORIENTED_EDGE('',*,*,#1061,.F.);
#1061 = EDGE_CURVE('',#1062,#1054,#1064,.T.);
#1062 = VERTEX_POINT('',#1063);
#1063 = CARTESIAN_POINT('',(44.600099,-50.123912,5.));
#1064 = LINE('',#1065,#1066);
#1065 = CARTESIAN_POINT('',(44.600099,-50.123912,5.));
#1066 = VECTOR('',#1067,1.);
#1067 = DIRECTION('',(0.412000720881,0.911183519382,0.));
#1068 = ORIENTED_EDGE('',*,*,#1069,.F.);
#1069 = EDGE_CURVE('',#1070,#1062,#1072,.T.);
#1070 = VERTEX_POINT('',#1071);
#1071 = CARTESIAN_POINT('',(48.46373,-47.924843,5.));
#1072 = LINE('',#1073,#1074);
#1073 = CARTESIAN_POINT('',(48.46373,-47.924843,5.));
#1074 = VECTOR('',#1075,1.);
#1075 = DIRECTION('',(-0.86908684231,-0.494659540011,0.));
#1076 = ORIENTED_EDGE('',*,*,#1077,.F.);
#1077 = EDGE_CURVE('',#1078,#1070,#1080,.T.);
#1078 = VERTEX_POINT('',#1079);
#1079 = CARTESIAN_POINT('',(48.664948,-52.236629,5.));
#1080 = LINE('',#1081,#1082);
#1081 = CARTESIAN_POINT('',(48.664948,-52.236629,5.));
#1082 = VECTOR('',#1083,1.);
#1083 = DIRECTION('',(-4.661623983935E-02,0.998912872168,0.));
#1084 = ORIENTED_EDGE('',*,*,#1085,.F.);
#1085 = EDGE_CURVE('',#1086,#1078,#1088,.T.);
#1086 = VERTEX_POINT('',#1087);
#1087 = CARTESIAN_POINT('',(51.338257,-49.362106,5.));
#1088 = LINE('',#1089,#1090);
#1089 = CARTESIAN_POINT('',(51.338257,-49.362106,5.));
#1090 = VECTOR('',#1091,1.);
#1091 = DIRECTION('',(-0.681012998605,-0.73227132658,0.));
#1092 = ORIENTED_EDGE('',*,*,#1093,.F.);
#1093 = EDGE_CURVE('',#1094,#1086,#1096,.T.);
#1094 = VERTEX_POINT('',#1095);
#1095 = CARTESIAN_POINT('',(52.631465075,-53.96247436,5.));
#1096 = LINE('',#1097,#1098);
#1097 = CARTESIAN_POINT('',(52.631465075,-53.96247436,5.));
#1098 = VECTOR('',#1099,1.);
#1099 = DIRECTION('',(-0.270620392107,0.962686139599,0.));
#1100 = ORIENTED_EDGE('',*,*,#1101,.F.);
#1101 = EDGE_CURVE('',#1102,#1094,#1104,.T.);
#1102 = VERTEX_POINT('',#1103);
#1103 = CARTESIAN_POINT('',(53.4367,-49.2184,5.));
#1104 = LINE('',#1105,#1106);
#1105 = CARTESIAN_POINT('',(53.4367,-49.2184,5.));
#1106 = VECTOR('',#1107,1.);
#1107 = DIRECTION('',(-0.167341455201,-0.985898999579,0.));
#1108 = ORIENTED_EDGE('',*,*,#1109,.F.);
#1109 = EDGE_CURVE('',#1110,#1102,#1112,.T.);
#1110 = VERTEX_POINT('',#1111);
#1111 = CARTESIAN_POINT('',(61.651346683715,-37.54412077302,5.));
#1112 = LINE('',#1113,#1114);
#1113 = CARTESIAN_POINT('',(61.651346683715,-37.54412077302,5.));
#1114 = VECTOR('',#1115,1.);
#1115 = DIRECTION('',(-0.575465910694,-0.817825767281,0.));
#1116 = ORIENTED_EDGE('',*,*,#1117,.T.);
#1117 = EDGE_CURVE('',#1110,#1118,#1120,.T.);
#1118 = VERTEX_POINT('',#1119);
#1119 = CARTESIAN_POINT('',(72.763658475834,-23.64784511478,5.));
#1120 = CIRCLE('',#1121,25.781682582759);
#1121 = AXIS2_PLACEMENT_3D('',#1122,#1123,#1124);
#1122 = CARTESIAN_POINT('',(48.308843689362,-15.48345961693,5.));
#1123 = DIRECTION('',(0.,0.,1.));
#1124 = DIRECTION('',(1.,0.,0.));
#1125 = ORIENTED_EDGE('',*,*,#1126,.T.);
#1126 = EDGE_CURVE('',#1118,#1127,#1129,.T.);
#1127 = VERTEX_POINT('',#1128);
#1128 = CARTESIAN_POINT('',(73.830069233363,-3.E-15,5.));
#1129 = CIRCLE('',#1130,43.233182195616);
#1130 = AXIS2_PLACEMENT_3D('',#1131,#1132,#1133);
#1131 = CARTESIAN_POINT('',(31.757610238886,-9.950690273414,5.));
#1132 = DIRECTION('',(0.,0.,1.));
#1133 = DIRECTION('',(1.,0.,0.));
#1134 = ORIENTED_EDGE('',*,*,#1135,.T.);
#1135 = EDGE_CURVE('',#1127,#1136,#1138,.T.);
#1136 = VERTEX_POINT('',#1137);
#1137 = CARTESIAN_POINT('',(33.056105911118,46.439096502703,5.));
#1138 = CIRCLE('',#1139,60.590755420837);
#1139 = AXIS2_PLACEMENT_3D('',#1140,#1141,#1142);
#1140 = CARTESIAN_POINT('',(14.277483287571,-11.16822052239,5.));
#1141 = DIRECTION('',(0.,0.,1.));
#1142 = DIRECTION('',(1.,0.,0.));
#1143 = ORIENTED_EDGE('',*,*,#1144,.T.);
#1144 = EDGE_CURVE('',#1136,#1145,#1147,.T.);
#1145 = VERTEX_POINT('',#1146);
#1146 = CARTESIAN_POINT('',(8.959309,51.234629447841,5.));
#1147 = CIRCLE('',#1148,136.29433203227);
#1148 = AXIS2_PLACEMENT_3D('',#1149,#1150,#1151);
#1149 = CARTESIAN_POINT('',(-5.486428711929,-84.29199378937,5.));
#1150 = DIRECTION('',(0.,0.,1.));
#1151 = DIRECTION('',(1.,0.,0.));
#1152 = ORIENTED_EDGE('',*,*,#1153,.F.);
#1153 = EDGE_CURVE('',#1154,#1145,#1156,.T.);
#1154 = VERTEX_POINT('',#1155);
#1155 = CARTESIAN_POINT('',(-7.011728584025E-03,51.892110622381,5.));
#1156 = LINE('',#1157,#1158);
#1157 = CARTESIAN_POINT('',(-7.011728584025E-03,51.892110622381,5.));
#1158 = VECTOR('',#1159,1.);
#1159 = DIRECTION('',(0.997322305554,-7.313151745283E-02,0.));
#1160 = ORIENTED_EDGE('',*,*,#1161,.T.);
#1161 = EDGE_CURVE('',#1154,#1162,#1164,.T.);
#1162 = VERTEX_POINT('',#1163);
#1163 = CARTESIAN_POINT('',(-55.07417938802,42.661498828175,5.));
#1164 = CIRCLE('',#1165,136.29429300197);
#1165 = AXIS2_PLACEMENT_3D('',#1166,#1167,#1168);
#1166 = CARTESIAN_POINT('',(-5.486428711929,-84.29199378937,5.));
#1167 = DIRECTION('',(0.,0.,1.));
#1168 = DIRECTION('',(1.,0.,0.));
#1169 = ORIENTED_EDGE('',*,*,#1170,.T.);
#1170 = EDGE_CURVE('',#1162,#1171,#1173,.T.);
#1171 = VERTEX_POINT('',#1172);
#1172 = CARTESIAN_POINT('',(-69.10810465726,18.616649799332,5.));
#1173 = CIRCLE('',#1174,16.878715667468);
#1174 = AXIS2_PLACEMENT_3D('',#1175,#1176,#1177);
#1175 = CARTESIAN_POINT('',(-53.8471889747,25.827439985792,5.));
#1176 = DIRECTION('',(0.,0.,1.));
#1177 = DIRECTION('',(1.,0.,0.));
#1178 = ORIENTED_EDGE('',*,*,#1179,.T.);
#1179 = EDGE_CURVE('',#1171,#1180,#1182,.T.);
#1180 = VERTEX_POINT('',#1181);
#1181 = CARTESIAN_POINT('',(-64.43560993223,-26.62541174094,5.));
#1182 = CIRCLE('',#1183,63.259995447118);
#1183 = AXIS2_PLACEMENT_3D('',#1184,#1185,#1186);
#1184 = CARTESIAN_POINT('',(-8.053190116392,2.059946190935,5.));
#1185 = DIRECTION('',(0.,0.,1.));
#1186 = DIRECTION('',(1.,0.,0.));
#1187 = ORIENTED_EDGE('',*,*,#1188,.T.);
#1188 = EDGE_CURVE('',#1180,#1189,#1191,.T.);
#1189 = VERTEX_POINT('',#1190);
#1190 = CARTESIAN_POINT('',(-47.67534774515,-43.1717223953,5.));
#1191 = CIRCLE('',#1192,55.512907010655);
#1192 = AXIS2_PLACEMENT_3D('',#1193,#1194,#1195);
#1193 = CARTESIAN_POINT('',(-17.94247154817,3.707259225765,5.));
#1194 = DIRECTION('',(0.,0.,1.));
#1195 = DIRECTION('',(1.,0.,0.));
#1196 = ORIENTED_EDGE('',*,*,#1197,.T.);
#1197 = EDGE_CURVE('',#1189,#1198,#1200,.T.);
#1198 = VERTEX_POINT('',#1199);
#1199 = CARTESIAN_POINT('',(-65.0539,-60.8047,5.));
#1200 = LINE('',#1201,#1202);
#1201 = CARTESIAN_POINT('',(-47.67534774515,-43.1717223953,5.));
#1202 = VECTOR('',#1203,1.);
#1203 = DIRECTION('',(-0.701949771647,-0.712226451408,0.));
#1204 = ORIENTED_EDGE('',*,*,#1205,.F.);
#1205 = EDGE_CURVE('',#1206,#1198,#1208,.T.);
#1206 = VERTEX_POINT('',#1207);
#1207 = CARTESIAN_POINT('',(-61.206276,-60.261829,5.));
#1208 = LINE('',#1209,#1210);
#1209 = CARTESIAN_POINT('',(-61.206276,-60.261829,5.));
#1210 = VECTOR('',#1211,1.);
#1211 = DIRECTION('',(-0.990192635784,-0.139708782974,0.));
#1212 = ORIENTED_EDGE('',*,*,#1213,.F.);
#1213 = EDGE_CURVE('',#1214,#1206,#1216,.T.);
#1214 = VERTEX_POINT('',#1215);
#1215 = CARTESIAN_POINT('',(-63.137299,-65.071831,5.));
#1216 = LINE('',#1217,#1218);
#1217 = CARTESIAN_POINT('',(-63.137299,-65.071831,5.));
#1218 = VECTOR('',#1219,1.);
#1219 = DIRECTION('',(0.372558326554,0.928008778684,0.));
#1220 = ORIENTED_EDGE('',*,*,#1221,.F.);
#1221 = EDGE_CURVE('',#1222,#1214,#1224,.T.);
#1222 = VERTEX_POINT('',#1223);
#1223 = CARTESIAN_POINT('',(-58.678391,-63.842999,5.));
#1224 = LINE('',#1225,#1226);
#1225 = CARTESIAN_POINT('',(-58.678391,-63.842999,5.));
#1226 = VECTOR('',#1227,1.);
#1227 = DIRECTION('',(-0.964059741049,-0.265685557924,0.));
#1228 = ORIENTED_EDGE('',*,*,#1229,.F.);
#1229 = EDGE_CURVE('',#1230,#1222,#1232,.T.);
#1230 = VERTEX_POINT('',#1231);
#1231 = CARTESIAN_POINT('',(-58.9265,-67.2596,5.));
#1232 = LINE('',#1233,#1234);
#1233 = CARTESIAN_POINT('',(-58.9265,-67.2596,5.));
#1234 = VECTOR('',#1235,1.);
#1235 = DIRECTION('',(7.242794179718E-02,0.99737364776,0.));
#1236 = ORIENTED_EDGE('',*,*,#1237,.F.);
#1237 = EDGE_CURVE('',#1238,#1230,#1240,.T.);
#1238 = VERTEX_POINT('',#1239);
#1239 = CARTESIAN_POINT('',(-40.79619939475,-46.82547275831,5.));
#1240 = LINE('',#1241,#1242);
#1241 = CARTESIAN_POINT('',(-40.79619939475,-46.82547275831,5.));
#1242 = VECTOR('',#1243,1.);
#1243 = DIRECTION('',(-0.663681219471,-0.748015533877,0.));
#1244 = ORIENTED_EDGE('',*,*,#1245,.T.);
#1245 = EDGE_CURVE('',#1238,#1246,#1248,.T.);
#1246 = VERTEX_POINT('',#1247);
#1247 = CARTESIAN_POINT('',(-27.22231915305,-50.97120368872,5.));
#1248 = CIRCLE('',#1249,55.460345096843);
#1249 = AXIS2_PLACEMENT_3D('',#1250,#1251,#1252);
#1250 = CARTESIAN_POINT('',(-17.94247154817,3.707259225765,5.));
#1251 = DIRECTION('',(0.,0.,1.));
#1252 = DIRECTION('',(1.,0.,0.));
#1253 = ORIENTED_EDGE('',*,*,#1254,.T.);
#1254 = EDGE_CURVE('',#1246,#1255,#1257,.T.);
#1255 = VERTEX_POINT('',#1256);
#1256 = CARTESIAN_POINT('',(-18.83315044204,-51.30670675167,5.));
#1257 = CIRCLE('',#1258,200.64747875953);
#1258 = AXIS2_PLACEMENT_3D('',#1259,#1260,#1261);
#1259 = CARTESIAN_POINT('',(-15.01152325543,149.30437444327,5.));
#1260 = DIRECTION('',(0.,0.,1.));
#1261 = DIRECTION('',(1.,0.,0.));
#1262 = ORIENTED_EDGE('',*,*,#1263,.T.);
#1263 = EDGE_CURVE('',#1255,#1264,#1266,.T.);
#1264 = VERTEX_POINT('',#1265);
#1265 = CARTESIAN_POINT('',(-20.88151486077,-73.66161179766,5.));
#1266 = LINE('',#1267,#1268);
#1267 = CARTESIAN_POINT('',(-18.83315044204,-51.30670675167,5.));
#1268 = VECTOR('',#1269,1.);
#1269 = DIRECTION('',(-9.124705401099E-02,-0.995828285968,0.));
#1270 = ORIENTED_EDGE('',*,*,#1271,.F.);
#1271 = EDGE_CURVE('',#1272,#1264,#1274,.T.);
#1272 = VERTEX_POINT('',#1273);
#1273 = CARTESIAN_POINT('',(-21.14136599122,-76.49750687485,5.));
#1274 = LINE('',#1275,#1276);
#1275 = CARTESIAN_POINT('',(-21.14136599122,-76.49750687485,5.));
#1276 = VECTOR('',#1277,1.);
#1277 = DIRECTION('',(9.124706609767E-02,0.995828284861,0.));
#1278 = ORIENTED_EDGE('',*,*,#1279,.F.);
#1279 = EDGE_CURVE('',#1280,#1272,#1282,.T.);
#1280 = VERTEX_POINT('',#1281);
#1281 = CARTESIAN_POINT('',(-18.285065,-73.511192,5.));
#1282 = LINE('',#1283,#1284);
#1283 = CARTESIAN_POINT('',(-18.285065,-73.511192,5.));
#1284 = VECTOR('',#1285,1.);
#1285 = DIRECTION('',(-0.691200643691,-0.722662902162,0.));
#1286 = ORIENTED_EDGE('',*,*,#1287,.F.);
#1287 = EDGE_CURVE('',#1288,#1280,#1290,.T.);
#1288 = VERTEX_POINT('',#1289);
#1289 = CARTESIAN_POINT('',(-16.98601,-78.321205,5.));
#1290 = LINE('',#1291,#1292);
#1291 = CARTESIAN_POINT('',(-16.98601,-78.321205,5.));
#1292 = VECTOR('',#1293,1.);
#1293 = DIRECTION('',(-0.260731605337,0.965411326834,0.));
#1294 = ORIENTED_EDGE('',*,*,#1295,.F.);
#1295 = EDGE_CURVE('',#1296,#1288,#1298,.T.);
#1296 = VERTEX_POINT('',#1297);
#1297 = CARTESIAN_POINT('',(-14.493227,-74.108055,5.));
#1298 = LINE('',#1299,#1300);
#1299 = CARTESIAN_POINT('',(-14.493227,-74.108055,5.));
#1300 = VECTOR('',#1301,1.);
#1301 = DIRECTION('',(-0.509212882128,-0.860640599016,0.));
#1302 = ORIENTED_EDGE('',*,*,#1303,.F.);
#1303 = EDGE_CURVE('',#1304,#1296,#1306,.T.);
#1304 = VERTEX_POINT('',#1305);
#1305 = CARTESIAN_POINT('',(-12.140882,-76.951935,5.));
#1306 = LINE('',#1307,#1308);
#1307 = CARTESIAN_POINT('',(-12.140882,-76.951935,5.));
#1308 = VECTOR('',#1309,1.);
#1309 = DIRECTION('',(-0.637372972375,0.770555445173,0.));
#1310 = ORIENTED_EDGE('',*,*,#1311,.F.);
#1311 = EDGE_CURVE('',#1312,#1304,#1314,.T.);
#1312 = VERTEX_POINT('',#1313);
#1313 = CARTESIAN_POINT('',(-12.4538,-74.1388,5.));
#1314 = LINE('',#1315,#1316);
#1315 = CARTESIAN_POINT('',(-12.4538,-74.1388,5.));
#1316 = VECTOR('',#1317,1.);
#1317 = DIRECTION('',(0.110552779137,-0.993870254623,0.));
#1318 = ORIENTED_EDGE('',*,*,#1319,.F.);
#1319 = EDGE_CURVE('',#1320,#1312,#1322,.T.);
#1320 = VERTEX_POINT('',#1321);
#1321 = CARTESIAN_POINT('',(-10.35724357356,-51.2091606345,5.));
#1322 = LINE('',#1323,#1324);
#1323 = CARTESIAN_POINT('',(-10.35724357356,-51.2091606345,5.));
#1324 = VECTOR('',#1325,1.);
#1325 = DIRECTION('',(-9.105451281897E-02,-0.995845909614,0.));
#1326 = ORIENTED_EDGE('',*,*,#1327,.T.);
#1327 = EDGE_CURVE('',#1320,#1328,#1330,.T.);
#1328 = VERTEX_POINT('',#1329);
#1329 = CARTESIAN_POINT('',(-3.396246939542,-50.9265557969,5.));
#1330 = CIRCLE('',#1331,200.56754490381);
#1331 = AXIS2_PLACEMENT_3D('',#1332,#1333,#1334);
#1332 = CARTESIAN_POINT('',(-15.01152325543,149.30437444327,5.));
#1333 = DIRECTION('',(0.,0.,1.));
#1334 = DIRECTION('',(1.,0.,0.));
#1335 = ORIENTED_EDGE('',*,*,#1336,.T.);
#1336 = EDGE_CURVE('',#1328,#971,#1337,.T.);
#1337 = LINE('',#1338,#1339);
#1338 = CARTESIAN_POINT('',(-3.396246939542,-50.9265557969,5.));
#1339 = VECTOR('',#1340,1.);
#1340 = DIRECTION('',(0.,-1.,0.));
#1341 = PLANE('',#1342);
#1342 = AXIS2_PLACEMENT_3D('',#1343,#1344,#1345);
#1343 = CARTESIAN_POINT('',(-6.027275084823,-5.234039778815,5.));
#1344 = DIRECTION('',(0.,0.,1.));
#1345 = DIRECTION('',(1.,0.,0.));
#1346 = ADVANCED_FACE('',(#1347),#1363,.F.);
#1347 = FACE_BOUND('',#1348,.F.);
#1348 = EDGE_LOOP('',(#1349,#1350,#1356,#1357));
#1349 = ORIENTED_EDGE('',*,*,#705,.T.);
#1350 = ORIENTED_EDGE('',*,*,#1351,.T.);
#1351 = EDGE_CURVE('',#708,#60,#1352,.T.);
#1352 = LINE('',#1353,#1354);
#1353 = CARTESIAN_POINT('',(20.306588,36.709107,0.));
#1354 = VECTOR('',#1355,1.);
#1355 = DIRECTION('',(0.,0.,1.));
#1356 = ORIENTED_EDGE('',*,*,#57,.F.);
#1357 = ORIENTED_EDGE('',*,*,#1358,.F.);
#1358 = EDGE_CURVE('',#706,#58,#1359,.T.);
#1359 = LINE('',#1360,#1361);
#1360 = CARTESIAN_POINT('',(40.852353,31.128668,0.));
#1361 = VECTOR('',#1362,1.);
#1362 = DIRECTION('',(0.,0.,1.));
#1363 = PLANE('',#1364);
#1364 = AXIS2_PLACEMENT_3D('',#1365,#1366,#1367);
#1365 = CARTESIAN_POINT('',(20.306588,36.709107,0.));
#1366 = DIRECTION('',(0.262113864033,0.965036953843,0.));
#1367 = DIRECTION('',(0.965036953843,-0.262113864033,0.));
#1368 = ADVANCED_FACE('',(#1369),#1380,.F.);
#1369 = FACE_BOUND('',#1370,.F.);
#1370 = EDGE_LOOP('',(#1371,#1372,#1378,#1379));
#1371 = ORIENTED_EDGE('',*,*,#843,.T.);
#1372 = ORIENTED_EDGE('',*,*,#1373,.T.);
#1373 = EDGE_CURVE('',#836,#188,#1374,.T.);
#1374 = LINE('',#1375,#1376);
#1375 = CARTESIAN_POINT('',(7.030323,33.296049,0.));
#1376 = VECTOR('',#1377,1.);
#1377 = DIRECTION('',(0.,0.,1.));
#1378 = ORIENTED_EDGE('',*,*,#195,.F.);
#1379 = ORIENTED_EDGE('',*,*,#1351,.F.);
#1380 = PLANE('',#1381);
#1381 = AXIS2_PLACEMENT_3D('',#1382,#1383,#1384);
#1382 = CARTESIAN_POINT('',(7.030323,33.296049,0.));
#1383 = DIRECTION('',(-0.248983649653,0.968507688253,0.));
#1384 = DIRECTION('',(0.968507688253,0.248983649653,0.));
#1385 = ADVANCED_FACE('',(#1386),#1397,.F.);
#1386 = FACE_BOUND('',#1387,.F.);
#1387 = EDGE_LOOP('',(#1388,#1389,#1395,#1396));
#1388 = ORIENTED_EDGE('',*,*,#835,.T.);
#1389 = ORIENTED_EDGE('',*,*,#1390,.T.);
#1390 = EDGE_CURVE('',#828,#180,#1391,.T.);
#1391 = LINE('',#1392,#1393);
#1392 = CARTESIAN_POINT('',(10.317346,22.263138,0.));
#1393 = VECTOR('',#1394,1.);
#1394 = DIRECTION('',(0.,0.,1.));
#1395 = ORIENTED_EDGE('',*,*,#187,.F.);
#1396 = ORIENTED_EDGE('',*,*,#1373,.F.);
#1397 = PLANE('',#1398);
#1398 = AXIS2_PLACEMENT_3D('',#1399,#1400,#1401);
#1399 = CARTESIAN_POINT('',(10.317346,22.263138,0.));
#1400 = DIRECTION('',(-0.958370852876,-0.285526370686,0.));
#1401 = DIRECTION('',(-0.285526370686,0.958370852876,0.));
#1402 = ADVANCED_FACE('',(#1403),#1414,.F.);
#1403 = FACE_BOUND('',#1404,.F.);
#1404 = EDGE_LOOP('',(#1405,#1406,#1412,#1413));
#1405 = ORIENTED_EDGE('',*,*,#827,.T.);
#1406 = ORIENTED_EDGE('',*,*,#1407,.T.);
#1407 = EDGE_CURVE('',#820,#172,#1408,.T.);
#1408 = LINE('',#1409,#1410);
#1409 = CARTESIAN_POINT('',(6.061939,8.509444,0.));
#1410 = VECTOR('',#1411,1.);
#1411 = DIRECTION('',(0.,0.,1.));
#1412 = ORIENTED_EDGE('',*,*,#179,.F.);
#1413 = ORIENTED_EDGE('',*,*,#1390,.F.);
#1414 = PLANE('',#1415);
#1415 = AXIS2_PLACEMENT_3D('',#1416,#1417,#1418);
#1416 = CARTESIAN_POINT('',(6.061939,8.509444,0.));
#1417 = DIRECTION('',(-0.955319017505,0.29557668175,0.));
#1418 = DIRECTION('',(0.29557668175,0.955319017505,0.));
#1419 = ADVANCED_FACE('',(#1420),#1431,.F.);
#1420 = FACE_BOUND('',#1421,.F.);
#1421 = EDGE_LOOP('',(#1422,#1423,#1429,#1430));
#1422 = ORIENTED_EDGE('',*,*,#819,.T.);
#1423 = ORIENTED_EDGE('',*,*,#1424,.T.);
#1424 = EDGE_CURVE('',#812,#164,#1425,.T.);
#1425 = LINE('',#1426,#1427);
#1426 = CARTESIAN_POINT('',(-7.064743,1.865983,0.));
#1427 = VECTOR('',#1428,1.);
#1428 = DIRECTION('',(0.,0.,1.));
#1429 = ORIENTED_EDGE('',*,*,#171,.F.);
#1430 = ORIENTED_EDGE('',*,*,#1407,.F.);
#1431 = PLANE('',#1432);
#1432 = AXIS2_PLACEMENT_3D('',#1433,#1434,#1435);
#1433 = CARTESIAN_POINT('',(-7.064743,1.865983,0.));
#1434 = DIRECTION('',(-0.451564981532,0.892238234696,0.));
#1435 = DIRECTION('',(0.892238234696,0.451564981532,0.));
#1436 = ADVANCED_FACE('',(#1437),#1448,.F.);
#1437 = FACE_BOUND('',#1438,.F.);
#1438 = EDGE_LOOP('',(#1439,#1440,#1446,#1447));
#1439 = ORIENTED_EDGE('',*,*,#811,.T.);
#1440 = ORIENTED_EDGE('',*,*,#1441,.T.);
#1441 = EDGE_CURVE('',#804,#156,#1442,.T.);
#1442 = LINE('',#1443,#1444);
#1443 = CARTESIAN_POINT('',(-16.420254,-6.97999,0.));
#1444 = VECTOR('',#1445,1.);
#1445 = DIRECTION('',(0.,0.,1.));
#1446 = ORIENTED_EDGE('',*,*,#163,.F.);
#1447 = ORIENTED_EDGE('',*,*,#1424,.F.);
#1448 = PLANE('',#1449);
#1449 = AXIS2_PLACEMENT_3D('',#1450,#1451,#1452);
#1450 = CARTESIAN_POINT('',(-16.420254,-6.97999,0.));
#1451 = DIRECTION('',(-0.687042655625,0.726617085783,0.));
#1452 = DIRECTION('',(0.726617085783,0.687042655625,0.));
#1453 = ADVANCED_FACE('',(#1454),#1465,.F.);
#1454 = FACE_BOUND('',#1455,.F.);
#1455 = EDGE_LOOP('',(#1456,#1457,#1463,#1464));
#1456 = ORIENTED_EDGE('',*,*,#803,.T.);
#1457 = ORIENTED_EDGE('',*,*,#1458,.T.);
#1458 = EDGE_CURVE('',#796,#148,#1459,.T.);
#1459 = LINE('',#1460,#1461);
#1460 = CARTESIAN_POINT('',(-35.909999,-8.693199,0.));
#1461 = VECTOR('',#1462,1.);
#1462 = DIRECTION('',(0.,0.,1.));
#1463 = ORIENTED_EDGE('',*,*,#155,.F.);
#1464 = ORIENTED_EDGE('',*,*,#1441,.F.);
#1465 = PLANE('',#1466);
#1466 = AXIS2_PLACEMENT_3D('',#1467,#1468,#1469);
#1467 = CARTESIAN_POINT('',(-35.909999,-8.693199,0.));
#1468 = DIRECTION('',(-8.756544369832E-02,0.996158769007,0.));
#1469 = DIRECTION('',(0.996158769007,8.756544369832E-02,0.));
#1470 = ADVANCED_FACE('',(#1471),#1482,.F.);
#1471 = FACE_BOUND('',#1472,.F.);
#1472 = EDGE_LOOP('',(#1473,#1474,#1480,#1481));
#1473 = ORIENTED_EDGE('',*,*,#795,.T.);
#1474 = ORIENTED_EDGE('',*,*,#1475,.T.);
#1475 = EDGE_CURVE('',#788,#140,#1476,.T.);
#1476 = LINE('',#1477,#1478);
#1477 = CARTESIAN_POINT('',(-53.309489,-9.847792,0.));
#1478 = VECTOR('',#1479,1.);
#1479 = DIRECTION('',(0.,0.,1.));
#1480 = ORIENTED_EDGE('',*,*,#147,.F.);
#1481 = ORIENTED_EDGE('',*,*,#1458,.F.);
#1482 = PLANE('',#1483);
#1483 = AXIS2_PLACEMENT_3D('',#1484,#1485,#1486);
#1484 = CARTESIAN_POINT('',(-53.309489,-9.847792,0.));
#1485 = DIRECTION('',(-6.621224625565E-02,0.997805561443,0.));
#1486 = DIRECTION('',(0.997805561443,6.621224625565E-02,0.));
#1487 = ADVANCED_FACE('',(#1488),#1499,.F.);
#1488 = FACE_BOUND('',#1489,.F.);
#1489 = EDGE_LOOP('',(#1490,#1491,#1497,#1498));
#1490 = ORIENTED_EDGE('',*,*,#787,.T.);
#1491 = ORIENTED_EDGE('',*,*,#1492,.T.);
#1492 = EDGE_CURVE('',#780,#132,#1493,.T.);
#1493 = LINE('',#1494,#1495);
#1494 = CARTESIAN_POINT('',(-56.081876,-18.314598,0.));
#1495 = VECTOR('',#1496,1.);
#1496 = DIRECTION('',(0.,0.,1.));
#1497 = ORIENTED_EDGE('',*,*,#139,.F.);
#1498 = ORIENTED_EDGE('',*,*,#1475,.F.);
#1499 = PLANE('',#1500);
#1500 = AXIS2_PLACEMENT_3D('',#1501,#1502,#1503);
#1501 = CARTESIAN_POINT('',(-56.081876,-18.314598,0.));
#1502 = DIRECTION('',(-0.95034959312,0.311184271545,0.));
#1503 = DIRECTION('',(0.311184271545,0.95034959312,0.));
#1504 = ADVANCED_FACE('',(#1505),#1516,.F.);
#1505 = FACE_BOUND('',#1506,.F.);
#1506 = EDGE_LOOP('',(#1507,#1508,#1514,#1515));
#1507 = ORIENTED_EDGE('',*,*,#779,.T.);
#1508 = ORIENTED_EDGE('',*,*,#1509,.T.);
#1509 = EDGE_CURVE('',#772,#124,#1510,.T.);
#1510 = LINE('',#1511,#1512);
#1511 = CARTESIAN_POINT('',(-48.213987,-33.10385,0.));
#1512 = VECTOR('',#1513,1.);
#1513 = DIRECTION('',(0.,0.,1.));
#1514 = ORIENTED_EDGE('',*,*,#131,.F.);
#1515 = ORIENTED_EDGE('',*,*,#1492,.F.);
#1516 = PLANE('',#1517);
#1517 = AXIS2_PLACEMENT_3D('',#1518,#1519,#1520);
#1518 = CARTESIAN_POINT('',(-48.213987,-33.10385,0.));
#1519 = DIRECTION('',(-0.882841063803,-0.469671859986,0.));
#1520 = DIRECTION('',(-0.469671859986,0.882841063803,0.));
#1521 = ADVANCED_FACE('',(#1522),#1533,.F.);
#1522 = FACE_BOUND('',#1523,.F.);
#1523 = EDGE_LOOP('',(#1524,#1525,#1531,#1532));
#1524 = ORIENTED_EDGE('',*,*,#771,.T.);
#1525 = ORIENTED_EDGE('',*,*,#1526,.T.);
#1526 = EDGE_CURVE('',#764,#116,#1527,.T.);
#1527 = LINE('',#1528,#1529);
#1528 = CARTESIAN_POINT('',(-29.393225,-40.716531,0.));
#1529 = VECTOR('',#1530,1.);
#1530 = DIRECTION('',(0.,0.,1.));
#1531 = ORIENTED_EDGE('',*,*,#123,.F.);
#1532 = ORIENTED_EDGE('',*,*,#1509,.F.);
#1533 = PLANE('',#1534);
#1534 = AXIS2_PLACEMENT_3D('',#1535,#1536,#1537);
#1535 = CARTESIAN_POINT('',(-29.393225,-40.716531,0.));
#1536 = DIRECTION('',(-0.37497070399,-0.927036661168,0.));
#1537 = DIRECTION('',(-0.927036661168,0.37497070399,0.));
#1538 = ADVANCED_FACE('',(#1539),#1550,.F.);
#1539 = FACE_BOUND('',#1540,.F.);
#1540 = EDGE_LOOP('',(#1541,#1542,#1548,#1549));
#1541 = ORIENTED_EDGE('',*,*,#763,.T.);
#1542 = ORIENTED_EDGE('',*,*,#1543,.T.);
#1543 = EDGE_CURVE('',#756,#108,#1544,.T.);
#1544 = LINE('',#1545,#1546);
#1545 = CARTESIAN_POINT('',(-1.423799,-40.716531,0.));
#1546 = VECTOR('',#1547,1.);
#1547 = DIRECTION('',(0.,0.,1.));
#1548 = ORIENTED_EDGE('',*,*,#115,.F.);
#1549 = ORIENTED_EDGE('',*,*,#1526,.F.);
#1550 = PLANE('',#1551);
#1551 = AXIS2_PLACEMENT_3D('',#1552,#1553,#1554);
#1552 = CARTESIAN_POINT('',(-1.423799,-40.716531,0.));
#1553 = DIRECTION('',(0.,-1.,0.));
#1554 = DIRECTION('',(-1.,0.,0.));
#1555 = ADVANCED_FACE('',(#1556),#1567,.F.);
#1556 = FACE_BOUND('',#1557,.F.);
#1557 = EDGE_LOOP('',(#1558,#1559,#1565,#1566));
#1558 = ORIENTED_EDGE('',*,*,#755,.T.);
#1559 = ORIENTED_EDGE('',*,*,#1560,.T.);
#1560 = EDGE_CURVE('',#748,#100,#1561,.T.);
#1561 = LINE('',#1562,#1563);
#1562 = CARTESIAN_POINT('',(23.852555,-39.032034,0.));
#1563 = VECTOR('',#1564,1.);
#1564 = DIRECTION('',(0.,0.,1.));
#1565 = ORIENTED_EDGE('',*,*,#107,.F.);
#1566 = ORIENTED_EDGE('',*,*,#1543,.F.);
#1567 = PLANE('',#1568);
#1568 = AXIS2_PLACEMENT_3D('',#1569,#1570,#1571);
#1569 = CARTESIAN_POINT('',(23.852555,-39.032034,0.));
#1570 = DIRECTION('',(6.649569486709E-02,-0.99778671196,0.));
#1571 = DIRECTION('',(-0.99778671196,-6.649569486709E-02,0.));
#1572 = ADVANCED_FACE('',(#1573),#1584,.F.);
#1573 = FACE_BOUND('',#1574,.F.);
#1574 = EDGE_LOOP('',(#1575,#1576,#1582,#1583));
#1575 = ORIENTED_EDGE('',*,*,#747,.T.);
#1576 = ORIENTED_EDGE('',*,*,#1577,.T.);
#1577 = EDGE_CURVE('',#740,#92,#1578,.T.);
#1578 = LINE('',#1579,#1580);
#1579 = CARTESIAN_POINT('',(39.632706,-34.769803,0.));
#1580 = VECTOR('',#1581,1.);
#1581 = DIRECTION('',(0.,0.,1.));
#1582 = ORIENTED_EDGE('',*,*,#99,.F.);
#1583 = ORIENTED_EDGE('',*,*,#1560,.F.);
#1584 = PLANE('',#1585);
#1585 = AXIS2_PLACEMENT_3D('',#1586,#1587,#1588);
#1586 = CARTESIAN_POINT('',(39.632706,-34.769803,0.));
#1587 = DIRECTION('',(0.260756528509,-0.965404595411,0.));
#1588 = DIRECTION('',(-0.965404595411,-0.260756528509,0.));
#1589 = ADVANCED_FACE('',(#1590),#1601,.F.);
#1590 = FACE_BOUND('',#1591,.F.);
#1591 = EDGE_LOOP('',(#1592,#1593,#1599,#1600));
#1592 = ORIENTED_EDGE('',*,*,#739,.T.);
#1593 = ORIENTED_EDGE('',*,*,#1594,.T.);
#1594 = EDGE_CURVE('',#732,#84,#1595,.T.);
#1595 = LINE('',#1596,#1597);
#1596 = CARTESIAN_POINT('',(61.644025,-22.946623,0.));
#1597 = VECTOR('',#1598,1.);
#1598 = DIRECTION('',(0.,0.,1.));
#1599 = ORIENTED_EDGE('',*,*,#91,.F.);
#1600 = ORIENTED_EDGE('',*,*,#1577,.F.);
#1601 = PLANE('',#1602);
#1602 = AXIS2_PLACEMENT_3D('',#1603,#1604,#1605);
#1603 = CARTESIAN_POINT('',(61.644025,-22.946623,0.));
#1604 = DIRECTION('',(0.473197662653,-0.880956282718,0.));
#1605 = DIRECTION('',(-0.880956282718,-0.473197662653,0.));
#1606 = ADVANCED_FACE('',(#1607),#1618,.F.);
#1607 = FACE_BOUND('',#1608,.F.);
#1608 = EDGE_LOOP('',(#1609,#1610,#1616,#1617));
#1609 = ORIENTED_EDGE('',*,*,#731,.T.);
#1610 = ORIENTED_EDGE('',*,*,#1611,.T.);
#1611 = EDGE_CURVE('',#724,#76,#1612,.T.);
#1612 = LINE('',#1613,#1614);
#1613 = CARTESIAN_POINT('',(65.182171,-7.119347,0.));
#1614 = VECTOR('',#1615,1.);
#1615 = DIRECTION('',(0.,0.,1.));
#1616 = ORIENTED_EDGE('',*,*,#83,.F.);
#1617 = ORIENTED_EDGE('',*,*,#1594,.F.);
#1618 = PLANE('',#1619);
#1619 = AXIS2_PLACEMENT_3D('',#1620,#1621,#1622);
#1620 = CARTESIAN_POINT('',(65.182171,-7.119347,0.));
#1621 = DIRECTION('',(0.97591242121,-0.218162659794,0.));
#1622 = DIRECTION('',(-0.218162659794,-0.97591242121,0.));
#1623 = ADVANCED_FACE('',(#1624),#1635,.F.);
#1624 = FACE_BOUND('',#1625,.F.);
#1625 = EDGE_LOOP('',(#1626,#1627,#1633,#1634));
#1626 = ORIENTED_EDGE('',*,*,#723,.T.);
#1627 = ORIENTED_EDGE('',*,*,#1628,.T.);
#1628 = EDGE_CURVE('',#716,#68,#1629,.T.);
#1629 = LINE('',#1630,#1631);
#1630 = CARTESIAN_POINT('',(57.65321,16.70151,0.));
#1631 = VECTOR('',#1632,1.);
#1632 = DIRECTION('',(0.,0.,1.));
#1633 = ORIENTED_EDGE('',*,*,#75,.F.);
#1634 = ORIENTED_EDGE('',*,*,#1611,.F.);
#1635 = PLANE('',#1636);
#1636 = AXIS2_PLACEMENT_3D('',#1637,#1638,#1639);
#1637 = CARTESIAN_POINT('',(57.65321,16.70151,0.));
#1638 = DIRECTION('',(0.953506944133,0.301371046206,0.));
#1639 = DIRECTION('',(0.301371046206,-0.953506944133,0.));
#1640 = ADVANCED_FACE('',(#1641),#1647,.F.);
#1641 = FACE_BOUND('',#1642,.F.);
#1642 = EDGE_LOOP('',(#1643,#1644,#1645,#1646));
#1643 = ORIENTED_EDGE('',*,*,#715,.T.);
#1644 = ORIENTED_EDGE('',*,*,#1358,.T.);
#1645 = ORIENTED_EDGE('',*,*,#67,.F.);
#1646 = ORIENTED_EDGE('',*,*,#1628,.F.);
#1647 = PLANE('',#1648);
#1648 = AXIS2_PLACEMENT_3D('',#1649,#1650,#1651);
#1649 = CARTESIAN_POINT('',(40.852353,31.128668,0.));
#1650 = DIRECTION('',(0.651478944008,0.758666715703,0.));
#1651 = DIRECTION('',(0.758666715703,-0.651478944008,0.));
#1652 = ADVANCED_FACE('',(#1653),#1669,.F.);
#1653 = FACE_BOUND('',#1654,.T.);
#1654 = EDGE_LOOP('',(#1655,#1656,#1662,#1663));
#1655 = ORIENTED_EDGE('',*,*,#851,.F.);
#1656 = ORIENTED_EDGE('',*,*,#1657,.T.);
#1657 = EDGE_CURVE('',#852,#204,#1658,.T.);
#1658 = LINE('',#1659,#1660);
#1659 = CARTESIAN_POINT('',(-66.75592264555,23.285400000001,0.));
#1660 = VECTOR('',#1661,1.);
#1661 = DIRECTION('',(0.,0.,1.));
#1662 = ORIENTED_EDGE('',*,*,#203,.T.);
#1663 = ORIENTED_EDGE('',*,*,#1664,.F.);
#1664 = EDGE_CURVE('',#854,#206,#1665,.T.);
#1665 = LINE('',#1666,#1667);
#1666 = CARTESIAN_POINT('',(-46.84603506139,22.730200000002,0.));
#1667 = VECTOR('',#1668,1.);
#1668 = DIRECTION('',(0.,0.,1.));
#1669 = CYLINDRICAL_SURFACE('',#1670,10.344327722969);
#1670 = AXIS2_PLACEMENT_3D('',#1671,#1672,#1673);
#1671 = CARTESIAN_POINT('',(-56.72299339264,25.804417,0.));
#1672 = DIRECTION('',(-0.,-0.,-1.));
#1673 = DIRECTION('',(1.,0.,0.));
#1674 = ADVANCED_FACE('',(#1675),#1681,.T.);
#1675 = FACE_BOUND('',#1676,.T.);
#1676 = EDGE_LOOP('',(#1677,#1678,#1679,#1680));
#1677 = ORIENTED_EDGE('',*,*,#862,.F.);
#1678 = ORIENTED_EDGE('',*,*,#1664,.T.);
#1679 = ORIENTED_EDGE('',*,*,#214,.T.);
#1680 = ORIENTED_EDGE('',*,*,#1657,.F.);
#1681 = SURFACE_OF_LINEAR_EXTRUSION('',#1682,#1690);
#1682 = B_SPLINE_CURVE_WITH_KNOTS('',3,(#1683,#1684,#1685,#1686,#1687,
    #1688,#1689),.UNSPECIFIED.,.F.,.F.,(4,1,1,1,4),(0.,1.,2.,3.,4.),
  .QUASI_UNIFORM_KNOTS.);
#1683 = CARTESIAN_POINT('',(-46.84603506139,22.7302,0.));
#1684 = CARTESIAN_POINT('',(-47.9109,24.0497,0.));
#1685 = CARTESIAN_POINT('',(-49.6131,24.6454,0.));
#1686 = CARTESIAN_POINT('',(-55.0601,25.1135,0.));
#1687 = CARTESIAN_POINT('',(-64.6774,25.2838,0.));
#1688 = CARTESIAN_POINT('',(-65.9115,24.2199,0.));
#1689 = CARTESIAN_POINT('',(-66.75592264555,23.285400000001,0.));
#1690 = VECTOR('',#1691,1.);
#1691 = DIRECTION('',(-0.,-0.,-1.));
#1692 = ADVANCED_FACE('',(#1693),#1709,.T.);
#1693 = FACE_BOUND('',#1694,.T.);
#1694 = EDGE_LOOP('',(#1695,#1696,#1702,#1703));
#1695 = ORIENTED_EDGE('',*,*,#874,.F.);
#1696 = ORIENTED_EDGE('',*,*,#1697,.T.);
#1697 = EDGE_CURVE('',#875,#227,#1698,.T.);
#1698 = LINE('',#1699,#1700);
#1699 = CARTESIAN_POINT('',(-65.9955,30.3898,0.));
#1700 = VECTOR('',#1701,1.);
#1701 = DIRECTION('',(0.,0.,1.));
#1702 = ORIENTED_EDGE('',*,*,#226,.T.);
#1703 = ORIENTED_EDGE('',*,*,#1704,.F.);
#1704 = EDGE_CURVE('',#877,#229,#1705,.T.);
#1705 = LINE('',#1706,#1707);
#1706 = CARTESIAN_POINT('',(-47.0179,29.3844,0.));
#1707 = VECTOR('',#1708,1.);
#1708 = DIRECTION('',(0.,0.,1.));
#1709 = SURFACE_OF_LINEAR_EXTRUSION('',#1710,#1717);
#1710 = B_SPLINE_CURVE_WITH_KNOTS('',3,(#1711,#1712,#1713,#1714,#1715,
    #1716),.UNSPECIFIED.,.F.,.F.,(4,1,1,4),(0.,1.,2.,3.),
  .QUASI_UNIFORM_KNOTS.);
#1711 = CARTESIAN_POINT('',(-65.9955,30.3898,0.));
#1712 = CARTESIAN_POINT('',(-65.1455,28.5179,0.));
#1713 = CARTESIAN_POINT('',(-62.4645,27.8796,0.));
#1714 = CARTESIAN_POINT('',(-50.6344,26.9859,0.));
#1715 = CARTESIAN_POINT('',(-48.1237,27.837,0.));
#1716 = CARTESIAN_POINT('',(-47.0179,29.3844,0.));
#1717 = VECTOR('',#1718,1.);
#1718 = DIRECTION('',(-0.,-0.,-1.));
#1719 = ADVANCED_FACE('',(#1720),#1726,.F.);
#1720 = FACE_BOUND('',#1721,.T.);
#1721 = EDGE_LOOP('',(#1722,#1723,#1724,#1725));
#1722 = ORIENTED_EDGE('',*,*,#887,.F.);
#1723 = ORIENTED_EDGE('',*,*,#1704,.T.);
#1724 = ORIENTED_EDGE('',*,*,#239,.T.);
#1725 = ORIENTED_EDGE('',*,*,#1697,.F.);
#1726 = CYLINDRICAL_SURFACE('',#1727,10.344327722969);
#1727 = AXIS2_PLACEMENT_3D('',#1728,#1729,#1730);
#1728 = CARTESIAN_POINT('',(-56.72299339264,25.804417,0.));
#1729 = DIRECTION('',(-0.,-0.,-1.));
#1730 = DIRECTION('',(1.,0.,0.));
#1731 = ADVANCED_FACE('',(#1732),#1743,.F.);
#1732 = FACE_BOUND('',#1733,.F.);
#1733 = EDGE_LOOP('',(#1734,#1740,#1741,#1742));
#1734 = ORIENTED_EDGE('',*,*,#1735,.F.);
#1735 = EDGE_CURVE('',#897,#249,#1736,.T.);
#1736 = LINE('',#1737,#1738);
#1737 = CARTESIAN_POINT('',(-56.9359,3.32248,0.));
#1738 = VECTOR('',#1739,1.);
#1739 = DIRECTION('',(0.,0.,1.));
#1740 = ORIENTED_EDGE('',*,*,#896,.F.);
#1741 = ORIENTED_EDGE('',*,*,#1735,.T.);
#1742 = ORIENTED_EDGE('',*,*,#248,.T.);
#1743 = SURFACE_OF_LINEAR_EXTRUSION('',#1744,#1765);
#1744 = B_SPLINE_CURVE_WITH_KNOTS('',3,(#1745,#1746,#1747,#1748,#1749,
    #1750,#1751,#1752,#1753,#1754,#1755,#1756,#1757,#1758,#1759,#1760,
    #1761,#1762,#1763,#1764),.UNSPECIFIED.,.T.,.F.,(4,1,1,1,1,1,1,1,1,1,
    1,1,1,1,1,1,1,4),(0.,1.,2.,3.,4.,5.,6.,7.,8.,9.,10.,11.,12.,13.,14.,
    15.,16.,17.),.QUASI_UNIFORM_KNOTS.);
#1745 = CARTESIAN_POINT('',(-56.9359,3.32248,0.));
#1746 = CARTESIAN_POINT('',(-55.0992,6.1482,0.));
#1747 = CARTESIAN_POINT('',(-53.4038,9.25649,0.));
#1748 = CARTESIAN_POINT('',(-47.0459,11.0932,0.));
#1749 = CARTESIAN_POINT('',(-39.699,11.9409,0.));
#1750 = CARTESIAN_POINT('',(-29.809,10.3868,0.));
#1751 = CARTESIAN_POINT('',(-25.853,6.99591,0.));
#1752 = CARTESIAN_POINT('',(-24.2989,1.76834,0.));
#1753 = CARTESIAN_POINT('',(-26.9833,-0.916096,0.));
#1754 = CARTESIAN_POINT('',(-31.5044,-1.62253,0.));
#1755 = CARTESIAN_POINT('',(-35.036602,0.,0.));
#1756 = CARTESIAN_POINT('',(-39.0627,0.703166,0.));
#1757 = CARTESIAN_POINT('',(-43.1988,0.56054,0.));
#1758 = CARTESIAN_POINT('',(-46.051353,0.,0.));
#1759 = CARTESIAN_POINT('',(-50.9006,-1.12244,0.));
#1760 = CARTESIAN_POINT('',(-53.04,-1.29359,0.));
#1761 = CARTESIAN_POINT('',(-54.8086,-0.580465,0.));
#1762 = CARTESIAN_POINT('',(-56.9765,1.04547,0.));
#1763 = CARTESIAN_POINT('',(-56.8624,2.61435,0.));
#1764 = CARTESIAN_POINT('',(-56.9359,3.32248,0.));
#1765 = VECTOR('',#1766,1.);
#1766 = DIRECTION('',(-0.,-0.,-1.));
#1767 = ADVANCED_FACE('',(#1768),#1784,.F.);
#1768 = FACE_BOUND('',#1769,.T.);
#1769 = EDGE_LOOP('',(#1770,#1771,#1777,#1778));
#1770 = ORIENTED_EDGE('',*,*,#923,.F.);
#1771 = ORIENTED_EDGE('',*,*,#1772,.T.);
#1772 = EDGE_CURVE('',#924,#276,#1773,.T.);
#1773 = LINE('',#1774,#1775);
#1774 = CARTESIAN_POINT('',(-25.1656,20.236582,0.));
#1775 = VECTOR('',#1776,1.);
#1776 = DIRECTION('',(0.,0.,1.));
#1777 = ORIENTED_EDGE('',*,*,#275,.T.);
#1778 = ORIENTED_EDGE('',*,*,#1779,.F.);
#1779 = EDGE_CURVE('',#926,#278,#1780,.T.);
#1780 = LINE('',#1781,#1782);
#1781 = CARTESIAN_POINT('',(-2.919867164976E-02,25.772600000062,0.));
#1782 = VECTOR('',#1783,1.);
#1783 = DIRECTION('',(0.,0.,1.));
#1784 = CYLINDRICAL_SURFACE('',#1785,13.401754095257);
#1785 = AXIS2_PLACEMENT_3D('',#1786,#1787,#1788);
#1786 = CARTESIAN_POINT('',(-13.40175409525,26.65678,0.));
#1787 = DIRECTION('',(-0.,-0.,-1.));
#1788 = DIRECTION('',(1.,0.,0.));
#1789 = ADVANCED_FACE('',(#1790),#1796,.F.);
#1790 = FACE_BOUND('',#1791,.F.);
#1791 = EDGE_LOOP('',(#1792,#1793,#1794,#1795));
#1792 = ORIENTED_EDGE('',*,*,#934,.F.);
#1793 = ORIENTED_EDGE('',*,*,#1772,.T.);
#1794 = ORIENTED_EDGE('',*,*,#286,.T.);
#1795 = ORIENTED_EDGE('',*,*,#1779,.F.);
#1796 = SURFACE_OF_LINEAR_EXTRUSION('',#1797,#1805);
#1797 = B_SPLINE_CURVE_WITH_KNOTS('',3,(#1798,#1799,#1800,#1801,#1802,
    #1803,#1804),.UNSPECIFIED.,.F.,.F.,(4,1,1,1,4),(0.,1.,2.,3.,4.),
  .QUASI_UNIFORM_KNOTS.);
#1798 = CARTESIAN_POINT('',(-25.1656,20.236582,0.));
#1799 = CARTESIAN_POINT('',(-24.0122,22.2171,0.));
#1800 = CARTESIAN_POINT('',(-21.7772,23.5165,0.));
#1801 = CARTESIAN_POINT('',(-20.8417,24.2961,0.));
#1802 = CARTESIAN_POINT('',(-2.39013,27.5706,0.));
#1803 = CARTESIAN_POINT('',(-0.893767,26.5765,0.));
#1804 = CARTESIAN_POINT('',(-2.919867164976E-02,25.772600000062,0.));
#1805 = VECTOR('',#1806,1.);
#1806 = DIRECTION('',(-0.,-0.,-1.));
#1807 = ADVANCED_FACE('',(#1808),#1824,.T.);
#1808 = FACE_BOUND('',#1809,.T.);
#1809 = EDGE_LOOP('',(#1810,#1811,#1817,#1818));
#1810 = ORIENTED_EDGE('',*,*,#946,.F.);
#1811 = ORIENTED_EDGE('',*,*,#1812,.T.);
#1812 = EDGE_CURVE('',#947,#299,#1813,.T.);
#1813 = LINE('',#1814,#1815);
#1814 = CARTESIAN_POINT('',(-26.78708756369,27.32,0.));
#1815 = VECTOR('',#1816,1.);
#1816 = DIRECTION('',(0.,0.,1.));
#1817 = ORIENTED_EDGE('',*,*,#298,.T.);
#1818 = ORIENTED_EDGE('',*,*,#1819,.F.);
#1819 = EDGE_CURVE('',#949,#301,#1820,.T.);
#1820 = LINE('',#1821,#1822);
#1821 = CARTESIAN_POINT('',(-1.473193713076,32.765499999999,0.));
#1822 = VECTOR('',#1823,1.);
#1823 = DIRECTION('',(0.,0.,1.));
#1824 = SURFACE_OF_LINEAR_EXTRUSION('',#1825,#1832);
#1825 = B_SPLINE_CURVE_WITH_KNOTS('',3,(#1826,#1827,#1828,#1829,#1830,
    #1831),.UNSPECIFIED.,.F.,.F.,(4,1,1,4),(0.,1.,2.,3.),
  .QUASI_UNIFORM_KNOTS.);
#1826 = CARTESIAN_POINT('',(-26.78708756369,27.32,0.));
#1827 = CARTESIAN_POINT('',(-25.076,25.8897,0.));
#1828 = CARTESIAN_POINT('',(-20.8142,26.3632,0.));
#1829 = CARTESIAN_POINT('',(-3.76696,29.9621,0.));
#1830 = CARTESIAN_POINT('',(-1.96754,30.9092,0.));
#1831 = CARTESIAN_POINT('',(-1.473193713076,32.765499999999,0.));
#1832 = VECTOR('',#1833,1.);
#1833 = DIRECTION('',(-0.,-0.,-1.));
#1834 = ADVANCED_FACE('',(#1835),#1841,.F.);
#1835 = FACE_BOUND('',#1836,.T.);
#1836 = EDGE_LOOP('',(#1837,#1838,#1839,#1840));
#1837 = ORIENTED_EDGE('',*,*,#959,.F.);
#1838 = ORIENTED_EDGE('',*,*,#1819,.T.);
#1839 = ORIENTED_EDGE('',*,*,#311,.T.);
#1840 = ORIENTED_EDGE('',*,*,#1812,.F.);
#1841 = CYLINDRICAL_SURFACE('',#1842,13.401754095257);
#1842 = AXIS2_PLACEMENT_3D('',#1843,#1844,#1845);
#1843 = CARTESIAN_POINT('',(-13.40175409525,26.65678,0.));
#1844 = DIRECTION('',(-0.,-0.,-1.));
#1845 = DIRECTION('',(1.,0.,0.));
#1846 = ADVANCED_FACE('',(#1847),#1863,.F.);
#1847 = FACE_BOUND('',#1848,.T.);
#1848 = EDGE_LOOP('',(#1849,#1850,#1856,#1857));
#1849 = ORIENTED_EDGE('',*,*,#968,.F.);
#1850 = ORIENTED_EDGE('',*,*,#1851,.T.);
#1851 = EDGE_CURVE('',#969,#321,#1852,.T.);
#1852 = LINE('',#1853,#1854);
#1853 = CARTESIAN_POINT('',(6.944460417699,-99.7585809317,0.));
#1854 = VECTOR('',#1855,1.);
#1855 = DIRECTION('',(0.,0.,1.));
#1856 = ORIENTED_EDGE('',*,*,#320,.T.);
#1857 = ORIENTED_EDGE('',*,*,#1858,.F.);
#1858 = EDGE_CURVE('',#971,#323,#1859,.T.);
#1859 = LINE('',#1860,#1861);
#1860 = CARTESIAN_POINT('',(-3.396246939542,-99.94231089346,0.));
#1861 = VECTOR('',#1862,1.);
#1862 = DIRECTION('',(0.,0.,1.));
#1863 = CYLINDRICAL_SURFACE('',#1864,100.);
#1864 = AXIS2_PLACEMENT_3D('',#1865,#1866,#1867);
#1865 = CARTESIAN_POINT('',(0.,0.,0.));
#1866 = DIRECTION('',(-0.,-0.,-1.));
#1867 = DIRECTION('',(1.,0.,0.));
#1868 = ADVANCED_FACE('',(#1869),#1880,.F.);
#1869 = FACE_BOUND('',#1870,.F.);
#1870 = EDGE_LOOP('',(#1871,#1872,#1873,#1874));
#1871 = ORIENTED_EDGE('',*,*,#979,.F.);
#1872 = ORIENTED_EDGE('',*,*,#1851,.T.);
#1873 = ORIENTED_EDGE('',*,*,#331,.T.);
#1874 = ORIENTED_EDGE('',*,*,#1875,.F.);
#1875 = EDGE_CURVE('',#980,#332,#1876,.T.);
#1876 = LINE('',#1877,#1878);
#1877 = CARTESIAN_POINT('',(6.9444604177,-50.05779578471,0.));
#1878 = VECTOR('',#1879,1.);
#1879 = DIRECTION('',(0.,0.,1.));
#1880 = PLANE('',#1881);
#1881 = AXIS2_PLACEMENT_3D('',#1882,#1883,#1884);
#1882 = CARTESIAN_POINT('',(6.944460417699,-99.7585809317,0.));
#1883 = DIRECTION('',(-1.,0.,0.));
#1884 = DIRECTION('',(0.,1.,0.));
#1885 = ADVANCED_FACE('',(#1886),#1897,.F.);
#1886 = FACE_BOUND('',#1887,.F.);
#1887 = EDGE_LOOP('',(#1888,#1889,#1895,#1896));
#1888 = ORIENTED_EDGE('',*,*,#1336,.F.);
#1889 = ORIENTED_EDGE('',*,*,#1890,.T.);
#1890 = EDGE_CURVE('',#1328,#680,#1891,.T.);
#1891 = LINE('',#1892,#1893);
#1892 = CARTESIAN_POINT('',(-3.396246939542,-50.9265557969,0.));
#1893 = VECTOR('',#1894,1.);
#1894 = DIRECTION('',(0.,0.,1.));
#1895 = ORIENTED_EDGE('',*,*,#688,.T.);
#1896 = ORIENTED_EDGE('',*,*,#1858,.F.);
#1897 = PLANE('',#1898);
#1898 = AXIS2_PLACEMENT_3D('',#1899,#1900,#1901);
#1899 = CARTESIAN_POINT('',(-3.396246939542,-50.9265557969,0.));
#1900 = DIRECTION('',(1.,0.,0.));
#1901 = DIRECTION('',(0.,-1.,0.));
#1902 = ADVANCED_FACE('',(#1903),#1914,.T.);
#1903 = FACE_BOUND('',#1904,.F.);
#1904 = EDGE_LOOP('',(#1905,#1906,#1907,#1908));
#1905 = ORIENTED_EDGE('',*,*,#987,.F.);
#1906 = ORIENTED_EDGE('',*,*,#1875,.T.);
#1907 = ORIENTED_EDGE('',*,*,#339,.T.);
#1908 = ORIENTED_EDGE('',*,*,#1909,.F.);
#1909 = EDGE_CURVE('',#988,#340,#1910,.T.);
#1910 = LINE('',#1911,#1912);
#1911 = CARTESIAN_POINT('',(21.745461700478,-47.86627295135,0.));
#1912 = VECTOR('',#1913,1.);
#1913 = DIRECTION('',(0.,0.,1.));
#1914 = CYLINDRICAL_SURFACE('',#1915,200.56754507413);
#1915 = AXIS2_PLACEMENT_3D('',#1916,#1917,#1918);
#1916 = CARTESIAN_POINT('',(-15.01152325543,149.30437444327,0.));
#1917 = DIRECTION('',(-0.,-0.,-1.));
#1918 = DIRECTION('',(1.,0.,0.));
#1919 = ADVANCED_FACE('',(#1920),#1931,.T.);
#1920 = FACE_BOUND('',#1921,.F.);
#1921 = EDGE_LOOP('',(#1922,#1923,#1929,#1930));
#1922 = ORIENTED_EDGE('',*,*,#1327,.F.);
#1923 = ORIENTED_EDGE('',*,*,#1924,.T.);
#1924 = EDGE_CURVE('',#1320,#672,#1925,.T.);
#1925 = LINE('',#1926,#1927);
#1926 = CARTESIAN_POINT('',(-10.35724357356,-51.2091606345,0.));
#1927 = VECTOR('',#1928,1.);
#1928 = DIRECTION('',(0.,0.,1.));
#1929 = ORIENTED_EDGE('',*,*,#679,.T.);
#1930 = ORIENTED_EDGE('',*,*,#1890,.F.);
#1931 = CYLINDRICAL_SURFACE('',#1932,200.56754490381);
#1932 = AXIS2_PLACEMENT_3D('',#1933,#1934,#1935);
#1933 = CARTESIAN_POINT('',(-15.01152325543,149.30437444327,0.));
#1934 = DIRECTION('',(-0.,-0.,-1.));
#1935 = DIRECTION('',(1.,0.,0.));
#1936 = ADVANCED_FACE('',(#1937),#1948,.F.);
#1937 = FACE_BOUND('',#1938,.F.);
#1938 = EDGE_LOOP('',(#1939,#1940,#1941,#1942));
#1939 = ORIENTED_EDGE('',*,*,#996,.F.);
#1940 = ORIENTED_EDGE('',*,*,#1909,.T.);
#1941 = ORIENTED_EDGE('',*,*,#348,.T.);
#1942 = ORIENTED_EDGE('',*,*,#1943,.F.);
#1943 = EDGE_CURVE('',#997,#349,#1944,.T.);
#1944 = LINE('',#1945,#1946);
#1945 = CARTESIAN_POINT('',(20.911201,-49.639439,0.));
#1946 = VECTOR('',#1947,1.);
#1947 = DIRECTION('',(0.,0.,1.));
#1948 = PLANE('',#1949);
#1949 = AXIS2_PLACEMENT_3D('',#1950,#1951,#1952);
#1950 = CARTESIAN_POINT('',(21.745461700478,-47.86627295135,0.));
#1951 = DIRECTION('',(0.904852197041,-0.425725852528,0.));
#1952 = DIRECTION('',(-0.425725852528,-0.904852197041,0.));
#1953 = ADVANCED_FACE('',(#1954),#1965,.T.);
#1954 = FACE_BOUND('',#1955,.T.);
#1955 = EDGE_LOOP('',(#1956,#1957,#1958,#1959));
#1956 = ORIENTED_EDGE('',*,*,#1319,.F.);
#1957 = ORIENTED_EDGE('',*,*,#1924,.T.);
#1958 = ORIENTED_EDGE('',*,*,#671,.T.);
#1959 = ORIENTED_EDGE('',*,*,#1960,.F.);
#1960 = EDGE_CURVE('',#1312,#664,#1961,.T.);
#1961 = LINE('',#1962,#1963);
#1962 = CARTESIAN_POINT('',(-12.4538,-74.1388,0.));
#1963 = VECTOR('',#1964,1.);
#1964 = DIRECTION('',(0.,0.,1.));
#1965 = PLANE('',#1966);
#1966 = AXIS2_PLACEMENT_3D('',#1967,#1968,#1969);
#1967 = CARTESIAN_POINT('',(-10.35724357356,-51.2091606345,0.));
#1968 = DIRECTION('',(0.995845909614,-9.105451281897E-02,0.));
#1969 = DIRECTION('',(-9.105451281897E-02,-0.995845909614,0.));
#1970 = ADVANCED_FACE('',(#1971),#1982,.F.);
#1971 = FACE_BOUND('',#1972,.F.);
#1972 = EDGE_LOOP('',(#1973,#1974,#1975,#1976));
#1973 = ORIENTED_EDGE('',*,*,#1004,.F.);
#1974 = ORIENTED_EDGE('',*,*,#1943,.T.);
#1975 = ORIENTED_EDGE('',*,*,#356,.T.);
#1976 = ORIENTED_EDGE('',*,*,#1977,.F.);
#1977 = EDGE_CURVE('',#1005,#357,#1978,.T.);
#1978 = LINE('',#1979,#1980);
#1979 = CARTESIAN_POINT('',(25.252464310748,-47.24445324554,0.));
#1980 = VECTOR('',#1981,1.);
#1981 = DIRECTION('',(0.,0.,1.));
#1982 = PLANE('',#1983);
#1983 = AXIS2_PLACEMENT_3D('',#1984,#1985,#1986);
#1984 = CARTESIAN_POINT('',(20.911201,-49.639439,0.));
#1985 = DIRECTION('',(-0.483047345131,0.875594233856,0.));
#1986 = DIRECTION('',(0.875594233856,0.483047345131,0.));
#1987 = ADVANCED_FACE('',(#1988),#1999,.T.);
#1988 = FACE_BOUND('',#1989,.T.);
#1989 = EDGE_LOOP('',(#1990,#1991,#1992,#1993));
#1990 = ORIENTED_EDGE('',*,*,#1311,.F.);
#1991 = ORIENTED_EDGE('',*,*,#1960,.T.);
#1992 = ORIENTED_EDGE('',*,*,#663,.T.);
#1993 = ORIENTED_EDGE('',*,*,#1994,.F.);
#1994 = EDGE_CURVE('',#1304,#656,#1995,.T.);
#1995 = LINE('',#1996,#1997);
#1996 = CARTESIAN_POINT('',(-12.140882,-76.951935,0.));
#1997 = VECTOR('',#1998,1.);
#1998 = DIRECTION('',(0.,0.,1.));
#1999 = PLANE('',#2000);
#2000 = AXIS2_PLACEMENT_3D('',#2001,#2002,#2003);
#2001 = CARTESIAN_POINT('',(-12.4538,-74.1388,0.));
#2002 = DIRECTION('',(0.993870254623,0.110552779137,0.));
#2003 = DIRECTION('',(0.110552779137,-0.993870254623,0.));
#2004 = ADVANCED_FACE('',(#2005),#2016,.F.);
#2005 = FACE_BOUND('',#2006,.F.);
#2006 = EDGE_LOOP('',(#2007,#2008,#2009,#2010));
#2007 = ORIENTED_EDGE('',*,*,#1012,.F.);
#2008 = ORIENTED_EDGE('',*,*,#1977,.T.);
#2009 = ORIENTED_EDGE('',*,*,#364,.T.);
#2010 = ORIENTED_EDGE('',*,*,#2011,.F.);
#2011 = EDGE_CURVE('',#1013,#365,#2012,.T.);
#2012 = LINE('',#2013,#2014);
#2013 = CARTESIAN_POINT('',(25.928493,-50.282684,0.));
#2014 = VECTOR('',#2015,1.);
#2015 = DIRECTION('',(0.,0.,1.));
#2016 = PLANE('',#2017);
#2017 = AXIS2_PLACEMENT_3D('',#2018,#2019,#2020);
#2018 = CARTESIAN_POINT('',(25.252464310748,-47.24445324554,0.));
#2019 = DIRECTION('',(0.976128084492,0.217195678285,0.));
#2020 = DIRECTION('',(0.217195678285,-0.976128084492,0.));
#2021 = ADVANCED_FACE('',(#2022),#2033,.T.);
#2022 = FACE_BOUND('',#2023,.T.);
#2023 = EDGE_LOOP('',(#2024,#2025,#2026,#2027));
#2024 = ORIENTED_EDGE('',*,*,#1303,.F.);
#2025 = ORIENTED_EDGE('',*,*,#1994,.T.);
#2026 = ORIENTED_EDGE('',*,*,#655,.T.);
#2027 = ORIENTED_EDGE('',*,*,#2028,.F.);
#2028 = EDGE_CURVE('',#1296,#648,#2029,.T.);
#2029 = LINE('',#2030,#2031);
#2030 = CARTESIAN_POINT('',(-14.493227,-74.108055,0.));
#2031 = VECTOR('',#2032,1.);
#2032 = DIRECTION('',(0.,0.,1.));
#2033 = PLANE('',#2034);
#2034 = AXIS2_PLACEMENT_3D('',#2035,#2036,#2037);
#2035 = CARTESIAN_POINT('',(-12.140882,-76.951935,0.));
#2036 = DIRECTION('',(-0.770555445173,-0.637372972375,0.));
#2037 = DIRECTION('',(-0.637372972375,0.770555445173,0.));
#2038 = ADVANCED_FACE('',(#2039),#2050,.F.);
#2039 = FACE_BOUND('',#2040,.F.);
#2040 = EDGE_LOOP('',(#2041,#2042,#2043,#2044));
#2041 = ORIENTED_EDGE('',*,*,#1020,.F.);
#2042 = ORIENTED_EDGE('',*,*,#2011,.T.);
#2043 = ORIENTED_EDGE('',*,*,#372,.T.);
#2044 = ORIENTED_EDGE('',*,*,#2045,.F.);
#2045 = EDGE_CURVE('',#1021,#373,#2046,.T.);
#2046 = LINE('',#2047,#2048);
#2047 = CARTESIAN_POINT('',(29.18759,-47.195118,0.));
#2048 = VECTOR('',#2049,1.);
#2049 = DIRECTION('',(0.,0.,1.));
#2050 = PLANE('',#2051);
#2051 = AXIS2_PLACEMENT_3D('',#2052,#2053,#2054);
#2052 = CARTESIAN_POINT('',(25.928493,-50.282684,0.));
#2053 = DIRECTION('',(-0.687744697338,0.72595263708,0.));
#2054 = DIRECTION('',(0.72595263708,0.687744697338,0.));
#2055 = ADVANCED_FACE('',(#2056),#2067,.T.);
#2056 = FACE_BOUND('',#2057,.T.);
#2057 = EDGE_LOOP('',(#2058,#2059,#2060,#2061));
#2058 = ORIENTED_EDGE('',*,*,#1295,.F.);
#2059 = ORIENTED_EDGE('',*,*,#2028,.T.);
#2060 = ORIENTED_EDGE('',*,*,#647,.T.);
#2061 = ORIENTED_EDGE('',*,*,#2062,.F.);
#2062 = EDGE_CURVE('',#1288,#640,#2063,.T.);
#2063 = LINE('',#2064,#2065);
#2064 = CARTESIAN_POINT('',(-16.98601,-78.321205,0.));
#2065 = VECTOR('',#2066,1.);
#2066 = DIRECTION('',(0.,0.,1.));
#2067 = PLANE('',#2068);
#2068 = AXIS2_PLACEMENT_3D('',#2069,#2070,#2071);
#2069 = CARTESIAN_POINT('',(-14.493227,-74.108055,0.));
#2070 = DIRECTION('',(0.860640599016,-0.509212882128,0.));
#2071 = DIRECTION('',(-0.509212882128,-0.860640599016,0.));
#2072 = ADVANCED_FACE('',(#2073),#2084,.F.);
#2073 = FACE_BOUND('',#2074,.F.);
#2074 = EDGE_LOOP('',(#2075,#2076,#2077,#2078));
#2075 = ORIENTED_EDGE('',*,*,#1028,.F.);
#2076 = ORIENTED_EDGE('',*,*,#2045,.T.);
#2077 = ORIENTED_EDGE('',*,*,#380,.T.);
#2078 = ORIENTED_EDGE('',*,*,#2079,.F.);
#2079 = EDGE_CURVE('',#1029,#381,#2080,.T.);
#2080 = LINE('',#2081,#2082);
#2081 = CARTESIAN_POINT('',(30.860023,-48.567368,0.));
#2082 = VECTOR('',#2083,1.);
#2083 = DIRECTION('',(0.,0.,1.));
#2084 = PLANE('',#2085);
#2085 = AXIS2_PLACEMENT_3D('',#2086,#2087,#2088);
#2086 = CARTESIAN_POINT('',(29.18759,-47.195118,0.));
#2087 = DIRECTION('',(0.634315860825,0.773073986567,0.));
#2088 = DIRECTION('',(0.773073986567,-0.634315860825,0.));
#2089 = ADVANCED_FACE('',(#2090),#2101,.T.);
#2090 = FACE_BOUND('',#2091,.T.);
#2091 = EDGE_LOOP('',(#2092,#2093,#2094,#2095));
#2092 = ORIENTED_EDGE('',*,*,#1287,.F.);
#2093 = ORIENTED_EDGE('',*,*,#2062,.T.);
#2094 = ORIENTED_EDGE('',*,*,#639,.T.);
#2095 = ORIENTED_EDGE('',*,*,#2096,.F.);
#2096 = EDGE_CURVE('',#1280,#632,#2097,.T.);
#2097 = LINE('',#2098,#2099);
#2098 = CARTESIAN_POINT('',(-18.285065,-73.511192,0.));
#2099 = VECTOR('',#2100,1.);
#2100 = DIRECTION('',(0.,0.,1.));
#2101 = PLANE('',#2102);
#2102 = AXIS2_PLACEMENT_3D('',#2103,#2104,#2105);
#2103 = CARTESIAN_POINT('',(-16.98601,-78.321205,0.));
#2104 = DIRECTION('',(-0.965411326834,-0.260731605337,0.));
#2105 = DIRECTION('',(-0.260731605337,0.965411326834,0.));
#2106 = ADVANCED_FACE('',(#2107),#2118,.F.);
#2107 = FACE_BOUND('',#2108,.F.);
#2108 = EDGE_LOOP('',(#2109,#2110,#2111,#2112));
#2109 = ORIENTED_EDGE('',*,*,#1036,.F.);
#2110 = ORIENTED_EDGE('',*,*,#2079,.T.);
#2111 = ORIENTED_EDGE('',*,*,#388,.T.);
#2112 = ORIENTED_EDGE('',*,*,#2113,.F.);
#2113 = EDGE_CURVE('',#1037,#389,#2114,.T.);
#2114 = LINE('',#2115,#2116);
#2115 = CARTESIAN_POINT('',(30.591840281269,-45.12484164095,0.));
#2116 = VECTOR('',#2117,1.);
#2117 = DIRECTION('',(0.,0.,1.));
#2118 = PLANE('',#2119);
#2119 = AXIS2_PLACEMENT_3D('',#2120,#2121,#2122);
#2120 = CARTESIAN_POINT('',(30.860023,-48.567368,0.));
#2121 = DIRECTION('',(-0.996979312784,-7.766756002278E-02,0.));
#2122 = DIRECTION('',(-7.766756002278E-02,0.996979312784,0.));
#2123 = ADVANCED_FACE('',(#2124),#2135,.T.);
#2124 = FACE_BOUND('',#2125,.T.);
#2125 = EDGE_LOOP('',(#2126,#2127,#2128,#2129));
#2126 = ORIENTED_EDGE('',*,*,#1279,.F.);
#2127 = ORIENTED_EDGE('',*,*,#2096,.T.);
#2128 = ORIENTED_EDGE('',*,*,#631,.T.);
#2129 = ORIENTED_EDGE('',*,*,#2130,.F.);
#2130 = EDGE_CURVE('',#1272,#624,#2131,.T.);
#2131 = LINE('',#2132,#2133);
#2132 = CARTESIAN_POINT('',(-21.14136599122,-76.49750687485,0.));
#2133 = VECTOR('',#2134,1.);
#2134 = DIRECTION('',(0.,0.,1.));
#2135 = PLANE('',#2136);
#2136 = AXIS2_PLACEMENT_3D('',#2137,#2138,#2139);
#2137 = CARTESIAN_POINT('',(-18.285065,-73.511192,0.));
#2138 = DIRECTION('',(0.722662902162,-0.691200643691,0.));
#2139 = DIRECTION('',(-0.691200643691,-0.722662902162,0.));
#2140 = ADVANCED_FACE('',(#2141),#2152,.T.);
#2141 = FACE_BOUND('',#2142,.F.);
#2142 = EDGE_LOOP('',(#2143,#2144,#2145,#2146));
#2143 = ORIENTED_EDGE('',*,*,#1044,.F.);
#2144 = ORIENTED_EDGE('',*,*,#2113,.T.);
#2145 = ORIENTED_EDGE('',*,*,#396,.T.);
#2146 = ORIENTED_EDGE('',*,*,#2147,.F.);
#2147 = EDGE_CURVE('',#1045,#397,#2148,.T.);
#2148 = LINE('',#2149,#2150);
#2149 = CARTESIAN_POINT('',(51.199575922673,-39.10602117919,0.));
#2150 = VECTOR('',#2151,1.);
#2151 = DIRECTION('',(0.,0.,1.));
#2152 = CYLINDRICAL_SURFACE('',#2153,199.70575062573);
#2153 = AXIS2_PLACEMENT_3D('',#2154,#2155,#2156);
#2154 = CARTESIAN_POINT('',(-15.01152325543,149.30437444327,0.));
#2155 = DIRECTION('',(-0.,-0.,-1.));
#2156 = DIRECTION('',(1.,0.,0.));
#2157 = ADVANCED_FACE('',(#2158),#2169,.T.);
#2158 = FACE_BOUND('',#2159,.T.);
#2159 = EDGE_LOOP('',(#2160,#2161,#2162,#2163));
#2160 = ORIENTED_EDGE('',*,*,#1271,.F.);
#2161 = ORIENTED_EDGE('',*,*,#2130,.T.);
#2162 = ORIENTED_EDGE('',*,*,#623,.T.);
#2163 = ORIENTED_EDGE('',*,*,#2164,.F.);
#2164 = EDGE_CURVE('',#1264,#616,#2165,.T.);
#2165 = LINE('',#2166,#2167);
#2166 = CARTESIAN_POINT('',(-20.88151486077,-73.66161179766,0.));
#2167 = VECTOR('',#2168,1.);
#2168 = DIRECTION('',(0.,0.,1.));
#2169 = PLANE('',#2170);
#2170 = AXIS2_PLACEMENT_3D('',#2171,#2172,#2173);
#2171 = CARTESIAN_POINT('',(-21.14136599122,-76.49750687485,0.));
#2172 = DIRECTION('',(-0.995828284861,9.124706609767E-02,0.));
#2173 = DIRECTION('',(9.124706609767E-02,0.995828284861,0.));
#2174 = ADVANCED_FACE('',(#2175),#2186,.F.);
#2175 = FACE_BOUND('',#2176,.F.);
#2176 = EDGE_LOOP('',(#2177,#2178,#2179,#2180));
#2177 = ORIENTED_EDGE('',*,*,#1053,.F.);
#2178 = ORIENTED_EDGE('',*,*,#2147,.T.);
#2179 = ORIENTED_EDGE('',*,*,#405,.T.);
#2180 = ORIENTED_EDGE('',*,*,#2181,.F.);
#2181 = EDGE_CURVE('',#1054,#406,#2182,.T.);
#2182 = LINE('',#2183,#2184);
#2183 = CARTESIAN_POINT('',(46.1828,-46.6236,0.));
#2184 = VECTOR('',#2185,1.);
#2185 = DIRECTION('',(0.,0.,1.));
#2186 = PLANE('',#2187);
#2187 = AXIS2_PLACEMENT_3D('',#2188,#2189,#2190);
#2188 = CARTESIAN_POINT('',(51.199575922673,-39.10602117919,0.));
#2189 = DIRECTION('',(0.831791970678,-0.555087486362,0.));
#2190 = DIRECTION('',(-0.555087486362,-0.831791970678,0.));
#2191 = ADVANCED_FACE('',(#2192),#2203,.F.);
#2192 = FACE_BOUND('',#2193,.F.);
#2193 = EDGE_LOOP('',(#2194,#2195,#2201,#2202));
#2194 = ORIENTED_EDGE('',*,*,#1263,.F.);
#2195 = ORIENTED_EDGE('',*,*,#2196,.T.);
#2196 = EDGE_CURVE('',#1255,#607,#2197,.T.);
#2197 = LINE('',#2198,#2199);
#2198 = CARTESIAN_POINT('',(-18.83315044204,-51.30670675167,0.));
#2199 = VECTOR('',#2200,1.);
#2200 = DIRECTION('',(0.,0.,1.));
#2201 = ORIENTED_EDGE('',*,*,#615,.T.);
#2202 = ORIENTED_EDGE('',*,*,#2164,.F.);
#2203 = PLANE('',#2204);
#2204 = AXIS2_PLACEMENT_3D('',#2205,#2206,#2207);
#2205 = CARTESIAN_POINT('',(-18.83315044204,-51.30670675167,0.));
#2206 = DIRECTION('',(0.995828285968,-9.124705401099E-02,0.));
#2207 = DIRECTION('',(-9.124705401099E-02,-0.995828285968,0.));
#2208 = ADVANCED_FACE('',(#2209),#2220,.T.);
#2209 = FACE_BOUND('',#2210,.T.);
#2210 = EDGE_LOOP('',(#2211,#2212,#2218,#2219));
#2211 = ORIENTED_EDGE('',*,*,#1061,.F.);
#2212 = ORIENTED_EDGE('',*,*,#2213,.T.);
#2213 = EDGE_CURVE('',#1062,#414,#2214,.T.);
#2214 = LINE('',#2215,#2216);
#2215 = CARTESIAN_POINT('',(44.600099,-50.123912,0.));
#2216 = VECTOR('',#2217,1.);
#2217 = DIRECTION('',(0.,0.,1.));
#2218 = ORIENTED_EDGE('',*,*,#413,.T.);
#2219 = ORIENTED_EDGE('',*,*,#2181,.F.);
#2220 = PLANE('',#2221);
#2221 = AXIS2_PLACEMENT_3D('',#2222,#2223,#2224);
#2222 = CARTESIAN_POINT('',(44.600099,-50.123912,0.));
#2223 = DIRECTION('',(-0.911183519382,0.412000720881,0.));
#2224 = DIRECTION('',(0.412000720881,0.911183519382,0.));
#2225 = ADVANCED_FACE('',(#2226),#2237,.T.);
#2226 = FACE_BOUND('',#2227,.F.);
#2227 = EDGE_LOOP('',(#2228,#2229,#2235,#2236));
#2228 = ORIENTED_EDGE('',*,*,#1254,.F.);
#2229 = ORIENTED_EDGE('',*,*,#2230,.T.);
#2230 = EDGE_CURVE('',#1246,#598,#2231,.T.);
#2231 = LINE('',#2232,#2233);
#2232 = CARTESIAN_POINT('',(-27.22231915305,-50.97120368872,0.));
#2233 = VECTOR('',#2234,1.);
#2234 = DIRECTION('',(0.,0.,1.));
#2235 = ORIENTED_EDGE('',*,*,#606,.T.);
#2236 = ORIENTED_EDGE('',*,*,#2196,.F.);
#2237 = CYLINDRICAL_SURFACE('',#2238,200.64747875953);
#2238 = AXIS2_PLACEMENT_3D('',#2239,#2240,#2241);
#2239 = CARTESIAN_POINT('',(-15.01152325543,149.30437444327,0.));
#2240 = DIRECTION('',(-0.,-0.,-1.));
#2241 = DIRECTION('',(1.,0.,0.));
#2242 = ADVANCED_FACE('',(#2243),#2254,.T.);
#2243 = FACE_BOUND('',#2244,.T.);
#2244 = EDGE_LOOP('',(#2245,#2246,#2252,#2253));
#2245 = ORIENTED_EDGE('',*,*,#1069,.F.);
#2246 = ORIENTED_EDGE('',*,*,#2247,.T.);
#2247 = EDGE_CURVE('',#1070,#422,#2248,.T.);
#2248 = LINE('',#2249,#2250);
#2249 = CARTESIAN_POINT('',(48.46373,-47.924843,0.));
#2250 = VECTOR('',#2251,1.);
#2251 = DIRECTION('',(0.,0.,1.));
#2252 = ORIENTED_EDGE('',*,*,#421,.T.);
#2253 = ORIENTED_EDGE('',*,*,#2213,.F.);
#2254 = PLANE('',#2255);
#2255 = AXIS2_PLACEMENT_3D('',#2256,#2257,#2258);
#2256 = CARTESIAN_POINT('',(48.46373,-47.924843,0.));
#2257 = DIRECTION('',(0.494659540011,-0.86908684231,0.));
#2258 = DIRECTION('',(-0.86908684231,-0.494659540011,0.));
#2259 = ADVANCED_FACE('',(#2260),#2271,.T.);
#2260 = FACE_BOUND('',#2261,.F.);
#2261 = EDGE_LOOP('',(#2262,#2263,#2269,#2270));
#2262 = ORIENTED_EDGE('',*,*,#1245,.F.);
#2263 = ORIENTED_EDGE('',*,*,#2264,.T.);
#2264 = EDGE_CURVE('',#1238,#590,#2265,.T.);
#2265 = LINE('',#2266,#2267);
#2266 = CARTESIAN_POINT('',(-40.79619939475,-46.82547275831,0.));
#2267 = VECTOR('',#2268,1.);
#2268 = DIRECTION('',(0.,0.,1.));
#2269 = ORIENTED_EDGE('',*,*,#597,.T.);
#2270 = ORIENTED_EDGE('',*,*,#2230,.F.);
#2271 = CYLINDRICAL_SURFACE('',#2272,55.460345096843);
#2272 = AXIS2_PLACEMENT_3D('',#2273,#2274,#2275);
#2273 = CARTESIAN_POINT('',(-17.94247154817,3.707259225765,0.));
#2274 = DIRECTION('',(-0.,-0.,-1.));
#2275 = DIRECTION('',(1.,0.,0.));
#2276 = ADVANCED_FACE('',(#2277),#2288,.T.);
#2277 = FACE_BOUND('',#2278,.T.);
#2278 = EDGE_LOOP('',(#2279,#2280,#2286,#2287));
#2279 = ORIENTED_EDGE('',*,*,#1077,.F.);
#2280 = ORIENTED_EDGE('',*,*,#2281,.T.);
#2281 = EDGE_CURVE('',#1078,#430,#2282,.T.);
#2282 = LINE('',#2283,#2284);
#2283 = CARTESIAN_POINT('',(48.664948,-52.236629,0.));
#2284 = VECTOR('',#2285,1.);
#2285 = DIRECTION('',(0.,0.,1.));
#2286 = ORIENTED_EDGE('',*,*,#429,.T.);
#2287 = ORIENTED_EDGE('',*,*,#2247,.F.);
#2288 = PLANE('',#2289);
#2289 = AXIS2_PLACEMENT_3D('',#2290,#2291,#2292);
#2290 = CARTESIAN_POINT('',(48.664948,-52.236629,0.));
#2291 = DIRECTION('',(-0.998912872168,-4.661623983935E-02,0.));
#2292 = DIRECTION('',(-4.661623983935E-02,0.998912872168,0.));
#2293 = ADVANCED_FACE('',(#2294),#2305,.T.);
#2294 = FACE_BOUND('',#2295,.T.);
#2295 = EDGE_LOOP('',(#2296,#2297,#2298,#2299));
#2296 = ORIENTED_EDGE('',*,*,#1237,.F.);
#2297 = ORIENTED_EDGE('',*,*,#2264,.T.);
#2298 = ORIENTED_EDGE('',*,*,#589,.T.);
#2299 = ORIENTED_EDGE('',*,*,#2300,.F.);
#2300 = EDGE_CURVE('',#1230,#582,#2301,.T.);
#2301 = LINE('',#2302,#2303);
#2302 = CARTESIAN_POINT('',(-58.9265,-67.2596,0.));
#2303 = VECTOR('',#2304,1.);
#2304 = DIRECTION('',(0.,0.,1.));
#2305 = PLANE('',#2306);
#2306 = AXIS2_PLACEMENT_3D('',#2307,#2308,#2309);
#2307 = CARTESIAN_POINT('',(-40.79619939475,-46.82547275831,0.));
#2308 = DIRECTION('',(0.748015533877,-0.663681219471,0.));
#2309 = DIRECTION('',(-0.663681219471,-0.748015533877,0.));
#2310 = ADVANCED_FACE('',(#2311),#2322,.T.);
#2311 = FACE_BOUND('',#2312,.T.);
#2312 = EDGE_LOOP('',(#2313,#2314,#2320,#2321));
#2313 = ORIENTED_EDGE('',*,*,#1085,.F.);
#2314 = ORIENTED_EDGE('',*,*,#2315,.T.);
#2315 = EDGE_CURVE('',#1086,#438,#2316,.T.);
#2316 = LINE('',#2317,#2318);
#2317 = CARTESIAN_POINT('',(51.338257,-49.362106,0.));
#2318 = VECTOR('',#2319,1.);
#2319 = DIRECTION('',(0.,0.,1.));
#2320 = ORIENTED_EDGE('',*,*,#437,.T.);
#2321 = ORIENTED_EDGE('',*,*,#2281,.F.);
#2322 = PLANE('',#2323);
#2323 = AXIS2_PLACEMENT_3D('',#2324,#2325,#2326);
#2324 = CARTESIAN_POINT('',(51.338257,-49.362106,0.));
#2325 = DIRECTION('',(0.73227132658,-0.681012998605,0.));
#2326 = DIRECTION('',(-0.681012998605,-0.73227132658,0.));
#2327 = ADVANCED_FACE('',(#2328),#2339,.T.);
#2328 = FACE_BOUND('',#2329,.T.);
#2329 = EDGE_LOOP('',(#2330,#2331,#2332,#2333));
#2330 = ORIENTED_EDGE('',*,*,#1229,.F.);
#2331 = ORIENTED_EDGE('',*,*,#2300,.T.);
#2332 = ORIENTED_EDGE('',*,*,#581,.T.);
#2333 = ORIENTED_EDGE('',*,*,#2334,.F.);
#2334 = EDGE_CURVE('',#1222,#574,#2335,.T.);
#2335 = LINE('',#2336,#2337);
#2336 = CARTESIAN_POINT('',(-58.678391,-63.842999,0.));
#2337 = VECTOR('',#2338,1.);
#2338 = DIRECTION('',(0.,0.,1.));
#2339 = PLANE('',#2340);
#2340 = AXIS2_PLACEMENT_3D('',#2341,#2342,#2343);
#2341 = CARTESIAN_POINT('',(-58.9265,-67.2596,0.));
#2342 = DIRECTION('',(-0.99737364776,7.242794179718E-02,0.));
#2343 = DIRECTION('',(7.242794179718E-02,0.99737364776,0.));
#2344 = ADVANCED_FACE('',(#2345),#2356,.T.);
#2345 = FACE_BOUND('',#2346,.T.);
#2346 = EDGE_LOOP('',(#2347,#2348,#2354,#2355));
#2347 = ORIENTED_EDGE('',*,*,#1093,.F.);
#2348 = ORIENTED_EDGE('',*,*,#2349,.T.);
#2349 = EDGE_CURVE('',#1094,#446,#2350,.T.);
#2350 = LINE('',#2351,#2352);
#2351 = CARTESIAN_POINT('',(52.631465075,-53.96247436,0.));
#2352 = VECTOR('',#2353,1.);
#2353 = DIRECTION('',(0.,0.,1.));
#2354 = ORIENTED_EDGE('',*,*,#445,.T.);
#2355 = ORIENTED_EDGE('',*,*,#2315,.F.);
#2356 = PLANE('',#2357);
#2357 = AXIS2_PLACEMENT_3D('',#2358,#2359,#2360);
#2358 = CARTESIAN_POINT('',(52.631465075,-53.96247436,0.));
#2359 = DIRECTION('',(-0.962686139599,-0.270620392107,0.));
#2360 = DIRECTION('',(-0.270620392107,0.962686139599,0.));
#2361 = ADVANCED_FACE('',(#2362),#2373,.T.);
#2362 = FACE_BOUND('',#2363,.T.);
#2363 = EDGE_LOOP('',(#2364,#2365,#2366,#2367));
#2364 = ORIENTED_EDGE('',*,*,#1221,.F.);
#2365 = ORIENTED_EDGE('',*,*,#2334,.T.);
#2366 = ORIENTED_EDGE('',*,*,#573,.T.);
#2367 = ORIENTED_EDGE('',*,*,#2368,.F.);
#2368 = EDGE_CURVE('',#1214,#566,#2369,.T.);
#2369 = LINE('',#2370,#2371);
#2370 = CARTESIAN_POINT('',(-63.137299,-65.071831,0.));
#2371 = VECTOR('',#2372,1.);
#2372 = DIRECTION('',(0.,0.,1.));
#2373 = PLANE('',#2374);
#2374 = AXIS2_PLACEMENT_3D('',#2375,#2376,#2377);
#2375 = CARTESIAN_POINT('',(-58.678391,-63.842999,0.));
#2376 = DIRECTION('',(0.265685557924,-0.964059741049,0.));
#2377 = DIRECTION('',(-0.964059741049,-0.265685557924,0.));
#2378 = ADVANCED_FACE('',(#2379),#2390,.T.);
#2379 = FACE_BOUND('',#2380,.T.);
#2380 = EDGE_LOOP('',(#2381,#2382,#2388,#2389));
#2381 = ORIENTED_EDGE('',*,*,#1101,.F.);
#2382 = ORIENTED_EDGE('',*,*,#2383,.T.);
#2383 = EDGE_CURVE('',#1102,#454,#2384,.T.);
#2384 = LINE('',#2385,#2386);
#2385 = CARTESIAN_POINT('',(53.4367,-49.2184,0.));
#2386 = VECTOR('',#2387,1.);
#2387 = DIRECTION('',(0.,0.,1.));
#2388 = ORIENTED_EDGE('',*,*,#453,.T.);
#2389 = ORIENTED_EDGE('',*,*,#2349,.F.);
#2390 = PLANE('',#2391);
#2391 = AXIS2_PLACEMENT_3D('',#2392,#2393,#2394);
#2392 = CARTESIAN_POINT('',(53.4367,-49.2184,0.));
#2393 = DIRECTION('',(0.985898999579,-0.167341455201,0.));
#2394 = DIRECTION('',(-0.167341455201,-0.985898999579,0.));
#2395 = ADVANCED_FACE('',(#2396),#2407,.T.);
#2396 = FACE_BOUND('',#2397,.T.);
#2397 = EDGE_LOOP('',(#2398,#2399,#2400,#2401));
#2398 = ORIENTED_EDGE('',*,*,#1213,.F.);
#2399 = ORIENTED_EDGE('',*,*,#2368,.T.);
#2400 = ORIENTED_EDGE('',*,*,#565,.T.);
#2401 = ORIENTED_EDGE('',*,*,#2402,.F.);
#2402 = EDGE_CURVE('',#1206,#558,#2403,.T.);
#2403 = LINE('',#2404,#2405);
#2404 = CARTESIAN_POINT('',(-61.206276,-60.261829,0.));
#2405 = VECTOR('',#2406,1.);
#2406 = DIRECTION('',(0.,0.,1.));
#2407 = PLANE('',#2408);
#2408 = AXIS2_PLACEMENT_3D('',#2409,#2410,#2411);
#2409 = CARTESIAN_POINT('',(-63.137299,-65.071831,0.));
#2410 = DIRECTION('',(-0.928008778684,0.372558326554,0.));
#2411 = DIRECTION('',(0.372558326554,0.928008778684,0.));
#2412 = ADVANCED_FACE('',(#2413),#2424,.T.);
#2413 = FACE_BOUND('',#2414,.T.);
#2414 = EDGE_LOOP('',(#2415,#2416,#2422,#2423));
#2415 = ORIENTED_EDGE('',*,*,#1109,.F.);
#2416 = ORIENTED_EDGE('',*,*,#2417,.T.);
#2417 = EDGE_CURVE('',#1110,#462,#2418,.T.);
#2418 = LINE('',#2419,#2420);
#2419 = CARTESIAN_POINT('',(61.651346683715,-37.54412077302,0.));
#2420 = VECTOR('',#2421,1.);
#2421 = DIRECTION('',(0.,0.,1.));
#2422 = ORIENTED_EDGE('',*,*,#461,.T.);
#2423 = ORIENTED_EDGE('',*,*,#2383,.F.);
#2424 = PLANE('',#2425);
#2425 = AXIS2_PLACEMENT_3D('',#2426,#2427,#2428);
#2426 = CARTESIAN_POINT('',(61.651346683715,-37.54412077302,0.));
#2427 = DIRECTION('',(0.817825767281,-0.575465910694,0.));
#2428 = DIRECTION('',(-0.575465910694,-0.817825767281,0.));
#2429 = ADVANCED_FACE('',(#2430),#2441,.T.);
#2430 = FACE_BOUND('',#2431,.T.);
#2431 = EDGE_LOOP('',(#2432,#2433,#2434,#2435));
#2432 = ORIENTED_EDGE('',*,*,#1205,.F.);
#2433 = ORIENTED_EDGE('',*,*,#2402,.T.);
#2434 = ORIENTED_EDGE('',*,*,#557,.T.);
#2435 = ORIENTED_EDGE('',*,*,#2436,.F.);
#2436 = EDGE_CURVE('',#1198,#550,#2437,.T.);
#2437 = LINE('',#2438,#2439);
#2438 = CARTESIAN_POINT('',(-65.0539,-60.8047,0.));
#2439 = VECTOR('',#2440,1.);
#2440 = DIRECTION('',(0.,0.,1.));
#2441 = PLANE('',#2442);
#2442 = AXIS2_PLACEMENT_3D('',#2443,#2444,#2445);
#2443 = CARTESIAN_POINT('',(-61.206276,-60.261829,0.));
#2444 = DIRECTION('',(0.139708782974,-0.990192635784,0.));
#2445 = DIRECTION('',(-0.990192635784,-0.139708782974,0.));
#2446 = ADVANCED_FACE('',(#2447),#2458,.T.);
#2447 = FACE_BOUND('',#2448,.F.);
#2448 = EDGE_LOOP('',(#2449,#2450,#2451,#2452));
#2449 = ORIENTED_EDGE('',*,*,#1117,.F.);
#2450 = ORIENTED_EDGE('',*,*,#2417,.T.);
#2451 = ORIENTED_EDGE('',*,*,#469,.T.);
#2452 = ORIENTED_EDGE('',*,*,#2453,.F.);
#2453 = EDGE_CURVE('',#1118,#470,#2454,.T.);
#2454 = LINE('',#2455,#2456);
#2455 = CARTESIAN_POINT('',(72.763658475834,-23.64784511478,0.));
#2456 = VECTOR('',#2457,1.);
#2457 = DIRECTION('',(0.,0.,1.));
#2458 = CYLINDRICAL_SURFACE('',#2459,25.781682582759);
#2459 = AXIS2_PLACEMENT_3D('',#2460,#2461,#2462);
#2460 = CARTESIAN_POINT('',(48.308843689362,-15.48345961693,0.));
#2461 = DIRECTION('',(-0.,-0.,-1.));
#2462 = DIRECTION('',(1.,0.,0.));
#2463 = ADVANCED_FACE('',(#2464),#2475,.F.);
#2464 = FACE_BOUND('',#2465,.F.);
#2465 = EDGE_LOOP('',(#2466,#2467,#2473,#2474));
#2466 = ORIENTED_EDGE('',*,*,#1197,.F.);
#2467 = ORIENTED_EDGE('',*,*,#2468,.T.);
#2468 = EDGE_CURVE('',#1189,#541,#2469,.T.);
#2469 = LINE('',#2470,#2471);
#2470 = CARTESIAN_POINT('',(-47.67534774515,-43.1717223953,0.));
#2471 = VECTOR('',#2472,1.);
#2472 = DIRECTION('',(0.,0.,1.));
#2473 = ORIENTED_EDGE('',*,*,#549,.T.);
#2474 = ORIENTED_EDGE('',*,*,#2436,.F.);
#2475 = PLANE('',#2476);
#2476 = AXIS2_PLACEMENT_3D('',#2477,#2478,#2479);
#2477 = CARTESIAN_POINT('',(-47.67534774515,-43.1717223953,0.));
#2478 = DIRECTION('',(0.712226451408,-0.701949771647,0.));
#2479 = DIRECTION('',(-0.701949771647,-0.712226451408,0.));
#2480 = ADVANCED_FACE('',(#2481),#2492,.T.);
#2481 = FACE_BOUND('',#2482,.F.);
#2482 = EDGE_LOOP('',(#2483,#2484,#2485,#2486));
#2483 = ORIENTED_EDGE('',*,*,#1126,.F.);
#2484 = ORIENTED_EDGE('',*,*,#2453,.T.);
#2485 = ORIENTED_EDGE('',*,*,#478,.T.);
#2486 = ORIENTED_EDGE('',*,*,#2487,.F.);
#2487 = EDGE_CURVE('',#1127,#479,#2488,.T.);
#2488 = LINE('',#2489,#2490);
#2489 = CARTESIAN_POINT('',(73.830069233363,-2.66E-15,0.));
#2490 = VECTOR('',#2491,1.);
#2491 = DIRECTION('',(0.,0.,1.));
#2492 = CYLINDRICAL_SURFACE('',#2493,43.233182195616);
#2493 = AXIS2_PLACEMENT_3D('',#2494,#2495,#2496);
#2494 = CARTESIAN_POINT('',(31.757610238886,-9.950690273414,0.));
#2495 = DIRECTION('',(-0.,-0.,-1.));
#2496 = DIRECTION('',(1.,0.,0.));
#2497 = ADVANCED_FACE('',(#2498),#2509,.T.);
#2498 = FACE_BOUND('',#2499,.F.);
#2499 = EDGE_LOOP('',(#2500,#2501,#2507,#2508));
#2500 = ORIENTED_EDGE('',*,*,#1188,.F.);
#2501 = ORIENTED_EDGE('',*,*,#2502,.T.);
#2502 = EDGE_CURVE('',#1180,#532,#2503,.T.);
#2503 = LINE('',#2504,#2505);
#2504 = CARTESIAN_POINT('',(-64.43560993223,-26.62541174094,0.));
#2505 = VECTOR('',#2506,1.);
#2506 = DIRECTION('',(0.,0.,1.));
#2507 = ORIENTED_EDGE('',*,*,#540,.T.);
#2508 = ORIENTED_EDGE('',*,*,#2468,.F.);
#2509 = CYLINDRICAL_SURFACE('',#2510,55.512907010655);
#2510 = AXIS2_PLACEMENT_3D('',#2511,#2512,#2513);
#2511 = CARTESIAN_POINT('',(-17.94247154817,3.707259225765,0.));
#2512 = DIRECTION('',(-0.,-0.,-1.));
#2513 = DIRECTION('',(1.,0.,0.));
#2514 = ADVANCED_FACE('',(#2515),#2526,.T.);
#2515 = FACE_BOUND('',#2516,.F.);
#2516 = EDGE_LOOP('',(#2517,#2518,#2519,#2520));
#2517 = ORIENTED_EDGE('',*,*,#1135,.F.);
#2518 = ORIENTED_EDGE('',*,*,#2487,.T.);
#2519 = ORIENTED_EDGE('',*,*,#487,.T.);
#2520 = ORIENTED_EDGE('',*,*,#2521,.F.);
#2521 = EDGE_CURVE('',#1136,#488,#2522,.T.);
#2522 = LINE('',#2523,#2524);
#2523 = CARTESIAN_POINT('',(33.056105911118,46.439096502703,0.));
#2524 = VECTOR('',#2525,1.);
#2525 = DIRECTION('',(0.,0.,1.));
#2526 = CYLINDRICAL_SURFACE('',#2527,60.590755420837);
#2527 = AXIS2_PLACEMENT_3D('',#2528,#2529,#2530);
#2528 = CARTESIAN_POINT('',(14.277483287571,-11.16822052239,0.));
#2529 = DIRECTION('',(-0.,-0.,-1.));
#2530 = DIRECTION('',(1.,0.,0.));
#2531 = ADVANCED_FACE('',(#2532),#2543,.T.);
#2532 = FACE_BOUND('',#2533,.F.);
#2533 = EDGE_LOOP('',(#2534,#2535,#2541,#2542));
#2534 = ORIENTED_EDGE('',*,*,#1179,.F.);
#2535 = ORIENTED_EDGE('',*,*,#2536,.T.);
#2536 = EDGE_CURVE('',#1171,#523,#2537,.T.);
#2537 = LINE('',#2538,#2539);
#2538 = CARTESIAN_POINT('',(-69.10810465726,18.616649799332,0.));
#2539 = VECTOR('',#2540,1.);
#2540 = DIRECTION('',(0.,0.,1.));
#2541 = ORIENTED_EDGE('',*,*,#531,.T.);
#2542 = ORIENTED_EDGE('',*,*,#2502,.F.);
#2543 = CYLINDRICAL_SURFACE('',#2544,63.259995447118);
#2544 = AXIS2_PLACEMENT_3D('',#2545,#2546,#2547);
#2545 = CARTESIAN_POINT('',(-8.053190116392,2.059946190935,0.));
#2546 = DIRECTION('',(-0.,-0.,-1.));
#2547 = DIRECTION('',(1.,0.,0.));
#2548 = ADVANCED_FACE('',(#2549),#2560,.T.);
#2549 = FACE_BOUND('',#2550,.F.);
#2550 = EDGE_LOOP('',(#2551,#2552,#2553,#2554));
#2551 = ORIENTED_EDGE('',*,*,#1144,.F.);
#2552 = ORIENTED_EDGE('',*,*,#2521,.T.);
#2553 = ORIENTED_EDGE('',*,*,#496,.T.);
#2554 = ORIENTED_EDGE('',*,*,#2555,.F.);
#2555 = EDGE_CURVE('',#1145,#497,#2556,.T.);
#2556 = LINE('',#2557,#2558);
#2557 = CARTESIAN_POINT('',(8.959309,51.234629447841,0.));
#2558 = VECTOR('',#2559,1.);
#2559 = DIRECTION('',(0.,0.,1.));
#2560 = CYLINDRICAL_SURFACE('',#2561,136.29433203227);
#2561 = AXIS2_PLACEMENT_3D('',#2562,#2563,#2564);
#2562 = CARTESIAN_POINT('',(-5.486428711929,-84.29199378937,0.));
#2563 = DIRECTION('',(-0.,-0.,-1.));
#2564 = DIRECTION('',(1.,0.,0.));
#2565 = ADVANCED_FACE('',(#2566),#2577,.T.);
#2566 = FACE_BOUND('',#2567,.F.);
#2567 = EDGE_LOOP('',(#2568,#2569,#2575,#2576));
#2568 = ORIENTED_EDGE('',*,*,#1170,.F.);
#2569 = ORIENTED_EDGE('',*,*,#2570,.T.);
#2570 = EDGE_CURVE('',#1162,#514,#2571,.T.);
#2571 = LINE('',#2572,#2573);
#2572 = CARTESIAN_POINT('',(-55.07417938802,42.661498828175,0.));
#2573 = VECTOR('',#2574,1.);
#2574 = DIRECTION('',(0.,0.,1.));
#2575 = ORIENTED_EDGE('',*,*,#522,.T.);
#2576 = ORIENTED_EDGE('',*,*,#2536,.F.);
#2577 = CYLINDRICAL_SURFACE('',#2578,16.878715667468);
#2578 = AXIS2_PLACEMENT_3D('',#2579,#2580,#2581);
#2579 = CARTESIAN_POINT('',(-53.8471889747,25.827439985792,0.));
#2580 = DIRECTION('',(-0.,-0.,-1.));
#2581 = DIRECTION('',(1.,0.,0.));
#2582 = ADVANCED_FACE('',(#2583),#2594,.T.);
#2583 = FACE_BOUND('',#2584,.T.);
#2584 = EDGE_LOOP('',(#2585,#2586,#2592,#2593));
#2585 = ORIENTED_EDGE('',*,*,#1153,.F.);
#2586 = ORIENTED_EDGE('',*,*,#2587,.T.);
#2587 = EDGE_CURVE('',#1154,#506,#2588,.T.);
#2588 = LINE('',#2589,#2590);
#2589 = CARTESIAN_POINT('',(-7.011728584025E-03,51.892110622381,0.));
#2590 = VECTOR('',#2591,1.);
#2591 = DIRECTION('',(0.,0.,1.));
#2592 = ORIENTED_EDGE('',*,*,#505,.T.);
#2593 = ORIENTED_EDGE('',*,*,#2555,.F.);
#2594 = PLANE('',#2595);
#2595 = AXIS2_PLACEMENT_3D('',#2596,#2597,#2598);
#2596 = CARTESIAN_POINT('',(-7.011728584025E-03,51.892110622381,0.));
#2597 = DIRECTION('',(7.313151745283E-02,0.997322305554,0.));
#2598 = DIRECTION('',(0.997322305554,-7.313151745283E-02,0.));
#2599 = ADVANCED_FACE('',(#2600),#2606,.T.);
#2600 = FACE_BOUND('',#2601,.F.);
#2601 = EDGE_LOOP('',(#2602,#2603,#2604,#2605));
#2602 = ORIENTED_EDGE('',*,*,#1161,.F.);
#2603 = ORIENTED_EDGE('',*,*,#2587,.T.);
#2604 = ORIENTED_EDGE('',*,*,#513,.T.);
#2605 = ORIENTED_EDGE('',*,*,#2570,.F.);
#2606 = CYLINDRICAL_SURFACE('',#2607,136.29429300197);
#2607 = AXIS2_PLACEMENT_3D('',#2608,#2609,#2610);
#2608 = CARTESIAN_POINT('',(-5.486428711929,-84.29199378937,0.));
#2609 = DIRECTION('',(-0.,-0.,-1.));
#2610 = DIRECTION('',(1.,0.,0.));
#2611 = ( GEOMETRIC_REPRESENTATION_CONTEXT(3) 
GLOBAL_UNCERTAINTY_ASSIGNED_CONTEXT((#2615)) 
GLOBAL_UNIT_ASSIGNED_CONTEXT((#2612,#2613,#2614)) REPRESENTATION_CONTEXT
('Context #1','3D Context with UNIT and UNCERTAINTY') );
#2612 = ( LENGTH_UNIT() NAMED_UNIT(*) SI_UNIT(.MILLI.,.METRE.) );
#2613 = ( NAMED_UNIT(*) PLANE_ANGLE_UNIT() SI_UNIT($,.RADIAN.) );
#2614 = ( NAMED_UNIT(*) SI_UNIT($,.STERADIAN.) SOLID_ANGLE_UNIT() );
#2615 = UNCERTAINTY_MEASURE_WITH_UNIT(LENGTH_MEASURE(2.E-05),#2612,
  'distance_accuracy_value','confusion accuracy');
#2616 = PRODUCT_RELATED_PRODUCT_CATEGORY('part',$,(#7));
#2617 = MECHANICAL_DESIGN_GEOMETRIC_PRESENTATION_REPRESENTATION('',(
    #2618),#2611);
#2618 = STYLED_ITEM('color',(#2619),#15);
#2619 = PRESENTATION_STYLE_ASSIGNMENT((#2620,#2626));
#2620 = SURFACE_STYLE_USAGE(.BOTH.,#2621);
#2621 = SURFACE_SIDE_STYLE('',(#2622));
#2622 = SURFACE_STYLE_FILL_AREA(#2623);
#2623 = FILL_AREA_STYLE('',(#2624));
#2624 = FILL_AREA_STYLE_COLOUR('',#2625);
#2625 = COLOUR_RGB('',0.678431390124,0.709803936702,0.741176476869);
#2626 = CURVE_STYLE('',#2627,POSITIVE_LENGTH_MEASURE(0.1),#2628);
#2627 = DRAUGHTING_PRE_DEFINED_CURVE_FONT('continuous');
#2628 = COLOUR_RGB('',9.803921802644E-02,9.803921802644E-02,
  9.803921802644E-02);
ENDSEC;
END-ISO-10303-21;
